"","Year","Country","HDI Rank (2018)","income_male","income_female","hdi"
"1","1995","Afghanistan",170,1756,692,0.327
"2","1995","Albania",69,5338,3032,0.629
"3","1995","Algeria",82,15808,1820,0.602
"4","1995","Angola",149,3294,2424,NA
"5","1995","Argentina",48,18633,9107,0.731
"6","1995","Armenia",81,2827,1574,0.604
"7","1995","Australia",6,38073,21060,0.883
"8","1995","Austria",20,44339,23695,0.817
"9","1995","Azerbaijan",87,4274,2625,0.612
"10","1995","Bahamas",60,38462,24513,NA
"11","1995","Bahrain",45,60104,19977,0.775
"12","1995","Bangladesh",135,2471,533,0.427
"13","1995","Barbados",56,15902,10174,0.747
"14","1995","Belarus",50,6678,4353,0.656
"15","1995","Belgium",17,44538,22625,0.851
"16","1995","Belize",103,8912,2907,0.627
"17","1995","Benin",163,1930,1052,0.373
"18","1995","Bhutan",134,3179,1678,NA
"19","1995","Bolivia (Plurinational State of)",114,5157,2779,0.578
"20","1995","Bosnia and Herzegovina",75,2151,1057,NA
"21","1995","Botswana",94,11622,7052,0.573
"22","1995","Brazil",79,14446,7409,0.651
"23","1995","Brunei Darussalam",43,117078,53203,0.791
"24","1995","Bulgaria",52,9909,6699,0.697
"25","1995","Burkina Faso",182,1087,706,NA
"26","1995","Burundi",185,901,727,0.287
"27","1995","Côte d'Ivoire",165,3756,1570,0.397
"28","1995","Cabo Verde",126,3370,1557,NA
"29","1995","Cambodia",146,1258,920,0.387
"30","1995","Cameroon",150,2659,1819,0.429
"31","1995","Canada",13,40410,22372,0.861
"32","1995","Central African Republic",188,1084,685,0.304
"33","1995","Chad",187,1285,791,NA
"34","1995","Chile",42,17485,6175,0.725
"35","1995","China",85,3044,1973,0.549
"36","1995","Colombia",79,11703,5629,0.633
"37","1995","Comoros",156,3211,1430,NA
"38","1995","Congo",138,4737,3287,0.505
"39","1995","Congo (Democratic Republic of the)",179,794,600,0.333
"40","1995","Costa Rica",68,12667,4773,0.687
"41","1995","Croatia",46,16749,8988,0.696
"42","1995","Cuba",72,4722,1891,0.654
"43","1995","Cyprus",31,32442,15907,0.783
"44","1995","Czechia",26,24597,13864,0.753
"45","1995","Denmark",11,45777,27635,0.831
"46","1995","Djibouti",171,2725,1204,0.353
"47","1995","Dominican Republic",89,9251,3250,0.624
"48","1995","Ecuador",85,10224,4649,0.661
"49","1995","Egypt",116,10125,2465,0.576
"50","1995","El Salvador",124,7493,3153,0.573
"51","1995","Equatorial Guinea",144,2472,1318,NA
"52","1995","Eritrea",182,2829,1675,NA
"53","1995","Estonia",30,14659,8672,0.724
"54","1995","Eswatini (Kingdom of)",138,8316,4063,0.526
"55","1995","Ethiopia",173,729,418,NA
"56","1995","Fiji",98,8879,3354,0.666
"57","1995","Finland",12,32714,21034,0.816
"58","1995","France",26,39595,22557,0.825
"59","1995","Gabon",115,26605,12225,0.63
"60","1995","Gambia",174,1783,879,0.35
"61","1995","Georgia",70,3164,1379,NA
"62","1995","Germany",4,44371,23450,0.834
"63","1995","Ghana",142,2333,1645,0.472
"64","1995","Greece",32,30675,12938,0.768
"65","1995","Guatemala",126,8178,2961,0.507
"66","1995","Guinea",174,1700,1112,0.302
"67","1995","Guinea-Bissau",178,2004,1205,NA
"68","1995","Guyana",123,5030,1838,0.578
"69","1995","Haiti",169,2119,1288,0.421
"70","1995","Honduras",132,4398,1742,0.529
"71","1995","Hungary",43,19203,10828,0.741
"72","1995","Iceland",6,34440,22545,0.829
"73","1995","India",129,3353,928,0.463
"74","1995","Indonesia",111,8036,3638,0.56
"75","1995","Iran (Islamic Republic of)",65,22033,2317,0.64
"76","1995","Iraq",120,12035,1029,0.569
"77","1995","Ireland",3,33094,14920,0.795
"78","1995","Israel",22,30547,16602,0.824
"79","1995","Italy",29,46924,19365,0.8
"80","1995","Jamaica",96,9919,6046,0.665
"81","1995","Japan",19,44179,21638,0.84
"82","1995","Jordan",102,11220,1457,0.683
"83","1995","Kazakhstan",50,10593,6998,0.664
"84","1995","Kenya",147,2452,1748,0.453
"85","1995","Korea (Republic of)",22,24033,8876,0.778
"86","1995","Kuwait",57,128822,48503,0.748
"87","1995","Kyrgyzstan",122,2063,1217,0.563
"88","1995","Lao People's Democratic Republic",140,2340,1755,0.427
"89","1995","Latvia",39,10725,6311,0.673
"90","1995","Lebanon",93,16797,3731,NA
"91","1995","Lesotho",164,2397,1604,0.475
"92","1995","Liberia",176,318,204,NA
"93","1995","Libya",110,32533,5540,0.704
"94","1995","Lithuania",34,11904,7055,0.703
"95","1995","Luxembourg",21,96516,39151,0.817
"96","1995","Madagascar",162,1557,1113,NA
"97","1995","Malawi",172,914,685,0.363
"98","1995","Malaysia",61,19383,8414,0.683
"99","1995","Maldives",104,11360,3318,0.546
"100","1995","Mali",184,1638,959,0.262
"101","1995","Malta",28,31392,8967,0.764
"102","1995","Mauritania",161,4287,1298,0.422
"103","1995","Mauritius",66,13198,4860,0.649
"104","1995","Mexico",76,19224,6907,0.672
"105","1995","Moldova (Republic of)",107,3597,2654,0.605
"106","1995","Mongolia",92,5168,3203,0.553
"107","1995","Montenegro",52,NA,NA,NA
"108","1995","Morocco",121,6172,1448,0.489
"109","1995","Mozambique",180,393,340,0.235
"110","1995","Myanmar",145,1200,639,0.388
"111","1995","Namibia",130,8025,4672,0.581
"112","1995","Nepal",147,1587,1092,0.411
"113","1995","Netherlands",10,47057,24227,0.862
"114","1995","New Zealand",14,30642,17585,0.853
"115","1995","Nicaragua",126,4017,1245,0.523
"116","1995","Niger",189,949,582,0.23
"117","1995","Nigeria",158,3659,2074,NA
"118","1995","North Macedonia",82,10197,4924,NA
"119","1995","Norway",1,60959,38399,0.883
"120","1995","Oman",47,57952,9164,NA
"121","1995","Pakistan",152,5887,658,0.428
"122","1995","Panama",67,11760,6105,0.688
"123","1995","Papua New Guinea",155,3219,2386,0.414
"124","1995","Paraguay",98,10348,5236,0.622
"125","1995","Peru",82,8001,3894,0.646
"126","1995","Philippines",106,5178,3008,0.607
"127","1995","Poland",32,14070,8359,0.74
"128","1995","Portugal",40,28679,15828,0.76
"129","1995","Qatar",41,101023,27886,0.789
"130","1995","Romania",52,12791,8061,0.687
"131","1995","Russian Federation",49,16429,9777,0.701
"132","1995","Rwanda",157,803,591,0.228
"133","1995","Saint Lucia",89,12081,6059,NA
"134","1995","Saint Vincent and the Grenadines",94,8757,4002,NA
"135","1995","Samoa",111,4289,1819,0.611
"136","1995","Sao Tome and Principe",137,2465,942,0.452
"137","1995","Saudi Arabia",36,73265,9243,0.723
"138","1995","Senegal",166,3267,1104,0.378
"139","1995","Serbia",63,9490,5191,0.695
"140","1995","Sierra Leone",181,1030,758,0.268
"141","1995","Singapore",9,61817,29558,0.771
"142","1995","Slovakia",36,16921,9760,0.751
"143","1995","Slovenia",24,23116,14176,0.782
"144","1995","Solomon Islands",153,1852,1091,NA
"145","1995","South Africa",113,11699,6414,0.652
"146","1995","South Sudan",186,NA,NA,NA
"147","1995","Spain",25,35036,15336,0.8
"148","1995","Sri Lanka",71,6432,2366,0.65
"149","1995","Sudan",168,2896,807,0.367
"150","1995","Suriname",98,13626,5166,NA
"151","1995","Sweden",8,35135,25225,0.857
"152","1995","Switzerland",2,61953,33472,0.848
"153","1995","Syrian Arab Republic",154,7525,1622,0.579
"154","1995","Tajikistan",125,1968,806,0.532
"155","1995","Tanzania (United Republic of)",159,1627,1189,0.372
"156","1995","Thailand",77,11414,6976,0.611
"157","1995","Timor-Leste",131,8225,3066,NA
"158","1995","Togo",167,1340,975,0.41
"159","1995","Tonga",105,5937,2709,0.667
"160","1995","Trinidad and Tobago",63,16486,7420,0.686
"161","1995","Tunisia",91,9478,2231,0.607
"162","1995","Turkey",59,18655,5704,0.607
"163","1995","Turkmenistan",108,6096,3218,NA
"164","1995","Uganda",159,1120,708,0.32
"165","1995","Ukraine",88,6198,3941,0.664
"166","1995","United Arab Emirates",35,146252,28376,0.764
"167","1995","United Kingdom",15,37521,19788,0.839
"168","1995","United States",15,49593,29652,0.878
"169","1995","Uruguay",57,15276,7633,0.711
"170","1995","Uzbekistan",108,2955,1566,NA
"171","1995","Vanuatu",141,3030,1780,NA
"172","1995","Venezuela (Bolivarian Republic of)",96,21248,9264,0.66
"173","1995","Viet Nam",118,2293,1601,0.529
"174","1995","Yemen",177,3014,552,0.393
"175","1995","Zambia",143,2288,1534,0.419
"176","1995","Zimbabwe",150,3157,2003,0.472
"177","2000","Afghanistan",170,1167,445,0.345
"178","2000","Albania",69,7219,3865,0.667
"179","2000","Algeria",82,17133,2063,0.646
"180","2000","Angola",149,3567,2621,0.394
"181","2000","Argentina",48,20200,9352,0.77
"182","2000","Armenia",81,4409,1766,0.649
"183","2000","Australia",6,43798,25310,0.898
"184","2000","Austria",20,53739,24132,0.838
"185","2000","Azerbaijan",87,5468,3430,0.641
"186","2000","Bahamas",60,39123,25827,0.787
"187","2000","Bahrain",45,61366,21799,0.792
"188","2000","Bangladesh",135,2790,650,0.47
"189","2000","Barbados",56,18269,11827,0.771
"190","2000","Belarus",50,9079,6196,0.682
"191","2000","Belgium",17,49766,27009,0.873
"192","2000","Belize",103,9481,3428,0.643
"193","2000","Benin",163,2058,1271,0.398
"194","2000","Bhutan",134,4324,2493,NA
"195","2000","Bolivia (Plurinational State of)",114,5491,3052,0.616
"196","2000","Bosnia and Herzegovina",75,9502,4634,0.669
"197","2000","Botswana",94,12424,7834,0.578
"198","2000","Brazil",79,14427,7814,0.684
"199","2000","Brunei Darussalam",43,107442,56916,0.805
"200","2000","Bulgaria",52,10784,6605,0.712
"201","2000","Burkina Faso",182,1331,815,0.286
"202","2000","Burundi",185,818,643,0.293
"203","2000","Côte d'Ivoire",165,3751,1608,0.407
"204","2000","Cabo Verde",126,5081,2602,0.564
"205","2000","Cambodia",146,1267,1405,0.419
"206","2000","Cameroon",150,2859,1971,0.439
"207","2000","Canada",13,46742,26805,0.868
"208","2000","Central African Republic",188,1030,653,0.307
"209","2000","Chad",187,1217,741,0.298
"210","2000","Chile",42,20144,7743,0.753
"211","2000","China",85,4406,2855,0.591
"212","2000","Colombia",79,10707,5894,0.662
"213","2000","Comoros",156,3285,1485,0.457
"214","2000","Congo",138,4202,2943,0.495
"215","2000","Congo (Democratic Republic of the)",179,649,483,0.333
"216","2000","Costa Rica",68,13045,5553,0.711
"217","2000","Croatia",46,18571,12295,0.749
"218","2000","Cuba",72,5797,2308,0.686
"219","2000","Cyprus",31,35189,18387,0.799
"220","2000","Czechia",26,26616,15197,0.796
"221","2000","Denmark",11,50660,32357,0.863
"222","2000","Djibouti",171,2492,1145,0.361
"223","2000","Dominican Republic",89,11353,4493,0.653
"224","2000","Ecuador",85,9371,4403,0.669
"225","2000","Egypt",116,12436,2587,0.611
"226","2000","El Salvador",124,7512,3592,0.608
"227","2000","Equatorial Guinea",144,11836,6502,0.52
"228","2000","Eritrea",182,3073,1900,NA
"229","2000","Estonia",30,19065,11784,0.78
"230","2000","Eswatini (Kingdom of)",138,8789,3967,0.468
"231","2000","Ethiopia",173,768,466,0.283
"232","2000","Fiji",98,9930,3583,0.675
"233","2000","Finland",12,42248,27419,0.858
"234","2000","France",26,45355,25753,0.842
"235","2000","Gabon",115,21959,10363,0.627
"236","2000","Gambia",174,1832,957,0.382
"237","2000","Georgia",70,5052,2409,0.669
"238","2000","Germany",4,47371,26237,0.869
"239","2000","Ghana",142,2495,1803,0.483
"240","2000","Greece",32,34008,15947,0.796
"241","2000","Guatemala",126,8463,3632,0.546
"242","2000","Guinea",174,1822,1179,0.335
"243","2000","Guinea-Bissau",178,1714,1040,NA
"244","2000","Guyana",123,6453,2225,0.606
"245","2000","Haiti",169,2152,1383,0.44
"246","2000","Honduras",132,4584,1808,0.555
"247","2000","Hungary",43,21794,12823,0.769
"248","2000","Iceland",6,40256,27185,0.861
"249","2000","India",129,4101,1147,0.497
"250","2000","Indonesia",111,7640,3201,0.604
"251","2000","Iran (Islamic Republic of)",65,22832,3280,0.671
"252","2000","Iraq",120,21929,2166,0.608
"253","2000","Ireland",3,45279,22984,0.857
"254","2000","Israel",22,31652,18719,0.853
"255","2000","Italy",29,51173,22536,0.83
"256","2000","Jamaica",96,9731,5533,0.669
"257","2000","Japan",19,46452,22743,0.855
"258","2000","Jordan",102,12518,1711,0.702
"259","2000","Kazakhstan",50,12953,7090,0.685
"260","2000","Kenya",147,2423,1737,0.446
"261","2000","Korea (Republic of)",22,29793,11344,0.817
"262","2000","Kuwait",57,109089,43795,0.786
"263","2000","Kyrgyzstan",122,2454,1421,0.594
"264","2000","Lao People's Democratic Republic",140,2765,2076,0.466
"265","2000","Latvia",39,14333,8466,0.728
"266","2000","Lebanon",93,17650,4031,NA
"267","2000","Lesotho",164,2465,1676,0.444
"268","2000","Liberia",176,1426,993,0.422
"269","2000","Libya",110,31594,6192,0.728
"270","2000","Lithuania",34,14739,9531,0.755
"271","2000","Luxembourg",21,108755,52078,0.86
"272","2000","Madagascar",162,1656,1182,0.456
"273","2000","Malawi",172,999,735,0.362
"274","2000","Malaysia",61,20895,9020,0.724
"275","2000","Maldives",104,13232,5338,0.61
"276","2000","Mali",184,1842,1078,0.308
"277","2000","Malta",28,36410,11973,0.787
"278","2000","Mauritania",161,4428,1380,0.446
"279","2000","Mauritius",66,16299,6223,0.674
"280","2000","Mexico",76,22965,8869,0.705
"281","2000","Moldova (Republic of)",107,3284,2456,0.609
"282","2000","Mongolia",92,5267,4027,0.589
"283","2000","Montenegro",52,14069,7833,NA
"284","2000","Morocco",121,7084,1767,0.531
"285","2000","Mozambique",180,602,510,0.301
"286","2000","Myanmar",145,1709,894,0.424
"287","2000","Namibia",130,8630,4942,0.543
"288","2000","Nepal",147,1992,1076,0.446
"289","2000","Netherlands",10,53937,31823,0.876
"290","2000","New Zealand",14,33512,19967,0.87
"291","2000","Nicaragua",126,4878,1701,0.568
"292","2000","Niger",189,941,559,0.253
"293","2000","Nigeria",158,3577,2066,NA
"294","2000","North Macedonia",82,11476,5429,0.669
"295","2000","Norway",1,69954,44906,0.917
"296","2000","Oman",47,66607,13399,0.704
"297","2000","Pakistan",152,5917,629,0.449
"298","2000","Panama",67,13174,7232,0.719
"299","2000","Papua New Guinea",155,2821,2073,0.436
"300","2000","Paraguay",98,9833,4087,0.64
"301","2000","Peru",82,8638,4029,0.679
"302","2000","Philippines",106,6247,3679,0.631
"303","2000","Poland",32,18460,11088,0.785
"304","2000","Portugal",40,32608,18898,0.785
"305","2000","Qatar",41,129495,45709,0.816
"306","2000","Romania",52,12835,8006,0.709
"307","2000","Russian Federation",49,17400,10738,0.721
"308","2000","Rwanda",157,911,686,0.337
"309","2000","Saint Lucia",89,12386,6650,0.694
"310","2000","Saint Vincent and the Grenadines",94,9853,4501,0.674
"311","2000","Samoa",111,5303,2257,0.638
"312","2000","Sao Tome and Principe",137,2510,985,0.48
"313","2000","Saudi Arabia",36,71011,10299,0.744
"314","2000","Senegal",166,3531,1270,0.39
"315","2000","Serbia",63,10335,5628,0.71
"316","2000","Sierra Leone",181,1007,756,0.298
"317","2000","Singapore",9,68397,34833,0.818
"318","2000","Slovakia",36,19616,11639,0.763
"319","2000","Slovenia",24,28226,17326,0.824
"320","2000","Solomon Islands",153,2267,1344,0.476
"321","2000","South Africa",113,11930,7133,0.629
"322","2000","South Sudan",186,NA,NA,NA
"323","2000","Spain",25,40854,19245,0.825
"324","2000","Sri Lanka",71,7956,2938,0.687
"325","2000","Sudan",168,3418,929,0.403
"326","2000","Suriname",98,13260,5267,NA
"327","2000","Sweden",8,44359,29658,0.897
"328","2000","Switzerland",2,69371,39563,0.889
"329","2000","Syrian Arab Republic",154,7773,1481,0.59
"330","2000","Tajikistan",125,1811,759,0.538
"331","2000","Tanzania (United Republic of)",159,1823,1278,0.395
"332","2000","Thailand",77,11146,6913,0.649
"333","2000","Timor-Leste",131,7177,2764,0.505
"334","2000","Togo",167,1419,1057,0.426
"335","2000","Tonga",105,6332,2783,0.666
"336","2000","Trinidad and Tobago",63,23143,10758,0.721
"337","2000","Tunisia",91,11645,2910,0.653
"338","2000","Turkey",59,21541,6006,0.655
"339","2000","Turkmenistan",108,6570,3493,NA
"340","2000","Uganda",159,1279,824,0.395
"341","2000","Ukraine",88,6066,3445,0.671
"342","2000","United Arab Emirates",35,145570,31054,0.782
"343","2000","United Kingdom",15,42402,24606,0.867
"344","2000","United States",15,57344,34938,0.881
"345","2000","Uruguay",57,16941,9041,0.742
"346","2000","Uzbekistan",108,3240,1742,0.596
"347","2000","Vanuatu",141,3376,1973,NA
"348","2000","Venezuela (Bolivarian Republic of)",96,20075,9010,0.672
"349","2000","Viet Nam",118,3220,2240,0.578
"350","2000","Yemen",177,4495,970,0.432
"351","2000","Zambia",143,2439,1636,0.428
"352","2000","Zimbabwe",150,3377,2143,0.452
"353","2005","Afghanistan",170,1699,665,0.41
"354","2005","Albania",69,9769,5321,0.702
"355","2005","Algeria",82,20250,2738,0.694
"356","2005","Angola",149,5214,3828,0.453
"357","2005","Argentina",48,19390,8684,0.777
"358","2005","Armenia",81,7955,3511,0.694
"359","2005","Australia",6,47018,28355,0.902
"360","2005","Austria",20,56866,26373,0.855
"361","2005","Azerbaijan",87,9993,4456,0.681
"362","2005","Bahamas",60,39213,25458,0.791
"363","2005","Bahrain",45,54223,25514,0.792
"364","2005","Bangladesh",135,3291,813,0.506
"365","2005","Barbados",56,18535,12334,0.786
"366","2005","Belarus",50,13600,9168,0.724
"367","2005","Belgium",17,51700,29283,0.889
"368","2005","Belize",103,9865,4213,0.666
"369","2005","Benin",163,2059,1406,0.44
"370","2005","Bhutan",134,5522,3397,0.512
"371","2005","Bolivia (Plurinational State of)",114,5664,3272,0.632
"372","2005","Bosnia and Herzegovina",75,11825,5655,0.7
"373","2005","Botswana",94,13702,7906,0.598
"374","2005","Brazil",79,14269,9796,0.7
"375","2005","Brunei Darussalam",43,107031,58788,0.824
"376","2005","Bulgaria",52,15067,9992,0.75
"377","2005","Burkina Faso",182,1621,921,0.324
"378","2005","Burundi",185,765,601,0.329
"379","2005","Côte d'Ivoire",165,3522,1596,0.425
"380","2005","Cabo Verde",126,5948,3310,0.592
"381","2005","Cambodia",146,2229,1567,0.49
"382","2005","Cameroon",150,3194,2218,0.469
"383","2005","Canada",13,49306,30528,0.892
"384","2005","Central African Republic",188,1024,648,0.323
"385","2005","Chad",187,1884,1147,0.331
"386","2005","Chile",42,22000,9421,0.788
"387","2005","China",85,6879,4383,0.643
"388","2005","Colombia",79,12007,6366,0.693
"389","2005","Comoros",156,3161,1562,0.48
"390","2005","Congo",138,3499,2460,0.506
"391","2005","Congo (Democratic Republic of the)",179,648,497,0.364
"392","2005","Costa Rica",68,13448,7576,0.728
"393","2005","Croatia",46,23426,16223,0.785
"394","2005","Cuba",72,7216,3074,0.73
"395","2005","Cyprus",31,40847,22665,0.83
"396","2005","Czechia",26,31667,17835,0.835
"397","2005","Denmark",11,54718,35323,0.903
"398","2005","Djibouti",171,2740,1350,0.402
"399","2005","Dominican Republic",89,11931,5360,0.675
"400","2005","Ecuador",85,11072,5305,0.692
"401","2005","Egypt",116,13235,2911,0.635
"402","2005","El Salvador",124,7707,3822,0.637
"403","2005","Equatorial Guinea",144,26841,14636,0.569
"404","2005","Eritrea",182,2744,1788,0.424
"405","2005","Estonia",30,27156,17473,0.825
"406","2005","Eswatini (Kingdom of)",138,11119,4537,0.459
"407","2005","Ethiopia",173,971,498,0.346
"408","2005","Fiji",98,10346,4611,0.687
"409","2005","Finland",12,47349,31554,0.895
"410","2005","France",26,46698,27908,0.86
"411","2005","Gabon",115,21882,10786,0.638
"412","2005","Gambia",174,1790,980,0.413
"413","2005","Georgia",70,7772,3046,0.705
"414","2005","Germany",4,48480,28085,0.9
"415","2005","Ghana",142,2894,2048,0.508
"416","2005","Greece",32,37352,21216,0.845
"417","2005","Guatemala",126,8543,3866,0.571
"418","2005","Guinea",174,1780,1150,0.373
"419","2005","Guinea-Bissau",178,1677,1039,0.393
"420","2005","Guyana",123,6908,2306,0.619
"421","2005","Haiti",169,1880,1227,0.451
"422","2005","Honduras",132,4474,2494,0.581
"423","2005","Hungary",43,25693,17208,0.802
"424","2005","Iceland",6,46357,31165,0.891
"425","2005","India",129,5114,1514,0.539
"426","2005","Indonesia",111,9184,3806,0.633
"427","2005","Iran (Islamic Republic of)",65,26040,5068,0.696
"428","2005","Iraq",120,19632,2375,0.632
"429","2005","Ireland",3,51986,28411,0.893
"430","2005","Israel",22,32686,20232,0.871
"431","2005","Italy",29,51698,24415,0.857
"432","2005","Jamaica",96,10015,5832,0.698
"433","2005","Japan",19,48913,24495,0.873
"434","2005","Jordan",102,15339,2058,0.729
"435","2005","Kazakhstan",50,20216,10957,0.747
"436","2005","Kenya",147,2643,1740,0.484
"437","2005","Korea (Republic of)",22,36381,14176,0.855
"438","2005","Kuwait",57,134480,53496,0.783
"439","2005","Kyrgyzstan",122,2930,1597,0.616
"440","2005","Lao People's Democratic Republic",140,3500,2629,0.505
"441","2005","Latvia",39,22157,13274,0.802
"442","2005","Lebanon",93,16986,3605,0.724
"443","2005","Lesotho",164,2980,1948,0.43
"444","2005","Liberia",176,1057,721,0.417
"445","2005","Libya",110,36958,7876,0.749
"446","2005","Lithuania",34,22821,14327,0.81
"447","2005","Luxembourg",21,111181,59206,0.88
"448","2005","Madagascar",162,1597,1142,0.479
"449","2005","Malawi",172,1008,715,0.373
"450","2005","Malaysia",61,24637,10522,0.732
"451","2005","Maldives",104,12700,4966,0.632
"452","2005","Mali",184,2175,1259,0.363
"453","2005","Malta",28,38516,12689,0.828
"454","2005","Mauritania",161,4894,1556,0.47
"455","2005","Mauritius",66,18306,7460,0.713
"456","2005","Mexico",76,22453,9460,0.729
"457","2005","Moldova (Republic of)",107,5268,3712,0.658
"458","2005","Mongolia",92,6983,4904,0.649
"459","2005","Montenegro",52,15335,8540,0.753
"460","2005","Morocco",121,8480,2291,0.581
"461","2005","Mozambique",180,797,655,0.354
"462","2005","Myanmar",145,3026,1526,0.47
"463","2005","Namibia",130,9671,5926,0.544
"464","2005","Nepal",147,2063,1306,0.474
"465","2005","Netherlands",10,52291,34300,0.891
"466","2005","New Zealand",14,37175,23004,0.889
"467","2005","Nicaragua",126,5146,2155,0.593
"468","2005","Niger",189,960,563,0.283
"469","2005","Nigeria",158,4796,2822,0.467
"470","2005","North Macedonia",82,12423,6011,0.702
"471","2005","Norway",1,76723,50499,0.932
"472","2005","Oman",47,61632,13262,0.748
"473","2005","Pakistan",152,6777,913,0.499
"474","2005","Panama",67,14371,7987,0.739
"475","2005","Papua New Guinea",155,2814,2050,0.468
"476","2005","Paraguay",98,9252,4589,0.667
"477","2005","Peru",82,9550,4718,0.7
"478","2005","Philippines",106,6944,4391,0.656
"479","2005","Poland",32,21535,12532,0.808
"480","2005","Portugal",40,31633,21081,0.8
"481","2005","Qatar",41,129156,36864,0.838
"482","2005","Romania",52,16962,11247,0.755
"483","2005","Russian Federation",49,23766,15014,0.752
"484","2005","Rwanda",157,1202,909,0.409
"485","2005","Saint Lucia",89,12106,7112,0.698
"486","2005","Saint Vincent and the Grenadines",94,11588,6011,0.698
"487","2005","Samoa",111,6698,3054,0.67
"488","2005","Sao Tome and Principe",137,3061,1265,0.517
"489","2005","Saudi Arabia",36,71424,13991,0.771
"490","2005","Senegal",166,3899,1477,0.434
"491","2005","Serbia",63,13986,7576,0.742
"492","2005","Sierra Leone",181,1187,895,0.346
"493","2005","Singapore",9,77029,40351,0.869
"494","2005","Slovakia",36,24622,14549,0.794
"495","2005","Slovenia",24,29845,23681,0.861
"496","2005","Solomon Islands",153,2100,1255,0.503
"497","2005","South Africa",113,13694,7981,0.62
"498","2005","South Sudan",186,NA,NA,NA
"499","2005","Spain",25,42566,22545,0.844
"500","2005","Sri Lanka",71,9170,3688,0.721
"501","2005","Sudan",168,4065,1025,0.437
"502","2005","Suriname",98,16220,7012,0.676
"503","2005","Sweden",8,50247,33562,0.899
"504","2005","Switzerland",2,71619,43361,0.906
"505","2005","Syrian Arab Republic",154,9128,1474,0.635
"506","2005","Tajikistan",125,2677,1124,0.59
"507","2005","Tanzania (United Republic of)",159,2139,1606,0.442
"508","2005","Thailand",77,13657,8444,0.693
"509","2005","Timor-Leste",131,2664,955,0.496
"510","2005","Togo",167,1320,990,0.437
"511","2005","Tonga",105,6625,3266,0.674
"512","2005","Trinidad and Tobago",63,32827,17544,0.751
"513","2005","Tunisia",91,13328,3539,0.689
"514","2005","Turkey",59,25923,6638,0.691
"515","2005","Turkmenistan",108,7918,4230,NA
"516","2005","Uganda",159,1485,971,0.434
"517","2005","Ukraine",88,9392,5317,0.715
"518","2005","United Arab Emirates",35,119966,29495,0.809
"519","2005","United Kingdom",15,46551,29174,0.89
"520","2005","United States",15,62015,38255,0.896
"521","2005","Uruguay",57,16526,9015,0.756
"522","2005","Uzbekistan",108,4009,2170,0.629
"523","2005","Vanuatu",141,3069,1786,0.569
"524","2005","Venezuela (Bolivarian Republic of)",96,20392,9617,0.714
"525","2005","Viet Nam",118,3707,3034,0.616
"526","2005","Yemen",177,5404,842,0.472
"527","2005","Zambia",143,2817,1858,0.475
"528","2005","Zimbabwe",150,2255,1484,0.425
"529","2010","Afghanistan",170,2353,963,0.464
"530","2010","Albania",69,12176,7446,0.74
"531","2010","Algeria",82,22062,3654,0.73
"532","2010","Angola",149,6734,4922,0.51
"533","2010","Argentina",48,24678,12214,0.818
"534","2010","Armenia",81,10150,4344,0.729
"535","2010","Australia",6,48252,31708,0.926
"536","2010","Austria",20,54650,33291,0.895
"537","2010","Azerbaijan",87,20475,10466,0.732
"538","2010","Bahamas",60,35026,23499,0.795
"539","2010","Bahrain",45,43083,27568,0.796
"540","2010","Bangladesh",135,4174,1223,0.549
"541","2010","Barbados",56,18592,13366,0.799
"542","2010","Belarus",50,19578,12850,0.792
"543","2010","Belgium",17,52542,32583,0.903
"544","2010","Belize",103,9421,4794,0.693
"545","2010","Benin",163,2025,1588,0.473
"546","2010","Bhutan",134,7699,5036,0.571
"547","2010","Bolivia (Plurinational State of)",114,6647,3555,0.656
"548","2010","Bosnia and Herzegovina",75,13273,6691,0.714
"549","2010","Botswana",94,14605,10824,0.66
"550","2010","Brazil",79,17604,10876,0.726
"551","2010","Brunei Darussalam",43,99508,59977,0.832
"552","2010","Bulgaria",52,18171,11942,0.779
"553","2010","Burkina Faso",182,1728,1056,0.375
"554","2010","Burundi",185,790,670,0.402
"555","2010","Côte d'Ivoire",165,3926,1177,0.454
"556","2010","Cabo Verde",126,6873,4489,0.626
"557","2010","Cambodia",146,2782,2056,0.535
"558","2010","Cameroon",150,3350,2347,0.471
"559","2010","Canada",13,48524,31599,0.895
"560","2010","Central African Republic",188,1182,796,0.355
"561","2010","Chad",187,2237,1465,0.374
"562","2010","Chile",42,24410,11768,0.8
"563","2010","China",85,11299,7511,0.702
"564","2010","Colombia",79,12986,8243,0.729
"565","2010","Comoros",156,3089,1748,0.513
"566","2010","Congo",138,4624,3483,0.557
"567","2010","Congo (Democratic Republic of the)",179,722,547,0.416
"568","2010","Costa Rica",68,16047,8910,0.754
"569","2010","Croatia",46,23754,16853,0.811
"570","2010","Cuba",72,8879,4347,0.776
"571","2010","Cyprus",31,39767,26014,0.85
"572","2010","Czechia",26,33980,18774,0.862
"573","2010","Denmark",11,52610,36962,0.91
"574","2010","Djibouti",171,3010,1907,0.446
"575","2010","Dominican Republic",89,14689,7194,0.701
"576","2010","Ecuador",85,12169,6155,0.716
"577","2010","Egypt",116,15901,3630,0.666
"578","2010","El Salvador",124,7613,4733,0.659
"579","2010","Equatorial Guinea",144,26840,15601,0.58
"580","2010","Eritrea",182,2292,1591,0.433
"581","2010","Estonia",30,27247,16564,0.844
"582","2010","Eswatini (Kingdom of)",138,10882,5086,0.513
"583","2010","Ethiopia",173,1358,784,0.412
"584","2010","Fiji",98,9227,4933,0.694
"585","2010","Finland",12,46943,34074,0.903
"586","2010","France",26,45301,30509,0.872
"587","2010","Gabon",115,18179,9639,0.658
"588","2010","Gambia",174,2236,781,0.437
"589","2010","Georgia",70,9497,4287,0.732
"590","2010","Germany",4,50289,32532,0.92
"591","2010","Ghana",142,3430,2513,0.554
"592","2010","Greece",32,35179,21332,0.857
"593","2010","Guatemala",126,9023,4138,0.602
"594","2010","Guinea",174,1853,1290,0.408
"595","2010","Guinea-Bissau",178,1708,1157,0.426
"596","2010","Guyana",123,8337,3286,0.639
"597","2010","Haiti",169,1794,1241,0.467
"598","2010","Honduras",132,4632,2835,0.598
"599","2010","Hungary",43,26161,17023,0.826
"600","2010","Iceland",6,38534,26613,0.892
"601","2010","India",129,6819,1783,0.581
"602","2010","Indonesia",111,11081,5343,0.666
"603","2010","Iran (Islamic Republic of)",65,30513,5568,0.756
"604","2010","Iraq",120,23240,3166,0.652
"605","2010","Ireland",3,44135,28563,0.89
"606","2010","Israel",22,37548,20877,0.887
"607","2010","Italy",29,46958,25977,0.871
"608","2010","Jamaica",96,9448,5999,0.723
"609","2010","Japan",19,50121,23821,0.885
"610","2010","Jordan",102,15545,2812,0.728
"611","2010","Kazakhstan",50,22738,13428,0.764
"612","2010","Kenya",147,2840,2020,0.533
"613","2010","Korea (Republic of)",22,42018,18707,0.882
"614","2010","Kuwait",57,103636,48287,0.794
"615","2010","Kyrgyzstan",122,3453,1769,0.636
"616","2010","Lao People's Democratic Republic",140,4802,3152,0.546
"617","2010","Latvia",39,22040,15476,0.817
"618","2010","Lebanon",93,22475,5683,0.751
"619","2010","Lesotho",164,3649,2471,0.461
"620","2010","Liberia",176,1032,1007,0.441
"621","2010","Libya",110,46013,10744,0.757
"622","2010","Lithuania",34,23930,17894,0.824
"623","2010","Luxembourg",21,79101,54237,0.893
"624","2010","Madagascar",162,1638,1105,0.504
"625","2010","Malawi",172,1231,896,0.437
"626","2010","Malaysia",61,26164,14205,0.773
"627","2010","Maldives",104,14253,6093,0.669
"628","2010","Mali",184,2244,1364,0.403
"629","2010","Malta",28,38642,15238,0.847
"630","2010","Mauritania",161,5036,1759,0.49
"631","2010","Mauritius",66,22654,9031,0.748
"632","2010","Mexico",76,22139,10061,0.739
"633","2010","Moldova (Republic of)",107,5770,4428,0.681
"634","2010","Mongolia",92,8340,5852,0.697
"635","2010","Montenegro",52,17262,10661,0.793
"636","2010","Morocco",121,10029,2803,0.618
"637","2010","Mozambique",180,994,838,0.396
"638","2010","Myanmar",145,4903,2556,0.523
"639","2010","Namibia",130,9779,7009,0.588
"640","2010","Nepal",147,2419,1598,0.527
"641","2010","Netherlands",10,55699,36913,0.911
"642","2010","New Zealand",14,38862,22713,0.899
"643","2010","Nicaragua",126,5563,2197,0.614
"644","2010","Niger",189,NA,NA,0.319
"645","2010","Nigeria",158,5600,3969,0.484
"646","2010","North Macedonia",82,14078,8308,0.735
"647","2010","Norway",1,70672,55320,0.942
"648","2010","Oman",47,61845,14225,0.793
"649","2010","Pakistan",152,7017,1262,0.524
"650","2010","Panama",67,18080,10245,0.758
"651","2010","Papua New Guinea",155,3199,2496,0.51
"652","2010","Paraguay",98,12361,6081,0.692
"653","2010","Peru",82,12272,6463,0.721
"654","2010","Philippines",106,8208,5240,0.672
"655","2010","Poland",32,25582,16683,0.835
"656","2010","Portugal",40,30636,22354,0.822
"657","2010","Qatar",41,130152,41815,0.834
"658","2010","Romania",52,20924,13699,0.797
"659","2010","Russian Federation",49,27729,18251,0.78
"660","2010","Rwanda",157,1530,1248,0.488
"661","2010","Saint Lucia",89,14075,8685,0.73
"662","2010","Saint Vincent and the Grenadines",94,12598,6965,0.711
"663","2010","Samoa",111,6672,3713,0.69
"664","2010","Sao Tome and Principe",137,3502,1633,0.546
"665","2010","Saudi Arabia",36,70525,14358,0.81
"666","2010","Senegal",166,3856,1699,0.468
"667","2010","Serbia",63,15225,11024,0.762
"668","2010","Sierra Leone",181,1356,1089,0.391
"669","2010","Singapore",9,88632,54468,0.909
"670","2010","Slovakia",36,31086,18461,0.829
"671","2010","Slovenia",24,31739,24905,0.881
"672","2010","Solomon Islands",153,1654,1065,0.524
"673","2010","South Africa",113,14705,8818,0.662
"674","2010","South Sudan",186,2754,2089,0.425
"675","2010","Spain",25,40081,24192,0.865
"676","2010","Sri Lanka",71,12339,4678,0.75
"677","2010","Sudan",168,4974,1290,0.471
"678","2010","Suriname",98,18387,9130,0.701
"679","2010","Sweden",8,51777,36632,0.906
"680","2010","Switzerland",2,72847,45863,0.932
"681","2010","Syrian Arab Republic",154,10535,1551,0.644
"682","2010","Tajikistan",125,4497,878,0.63
"683","2010","Tanzania (United Republic of)",159,2447,1929,0.487
"684","2010","Thailand",77,15028,10895,0.721
"685","2010","Timor-Leste",131,10980,5268,0.62
"686","2010","Togo",167,1533,990,0.468
"687","2010","Tonga",105,6852,3444,0.692
"688","2010","Trinidad and Tobago",63,36468,23133,0.788
"689","2010","Tunisia",91,15499,4485,0.717
"690","2010","Turkey",59,25618,10245,0.743
"691","2010","Turkmenistan",108,11705,6595,0.673
"692","2010","Uganda",159,2016,1117,0.489
"693","2010","Ukraine",88,9704,6010,0.732
"694","2010","United Arab Emirates",35,67774,18427,0.821
"695","2010","United Kingdom",15,48304,25169,0.905
"696","2010","United States",15,60900,39951,0.911
"697","2010","Uruguay",57,21543,11850,0.774
"698","2010","Uzbekistan",108,5574,3185,0.665
"699","2010","Vanuatu",141,3459,2214,0.585
"700","2010","Venezuela (Bolivarian Republic of)",96,20828,12756,0.753
"701","2010","Viet Nam",118,4770,3766,0.653
"702","2010","Yemen",177,6522,808,0.499
"703","2010","Zambia",143,3661,2580,0.531
"704","2010","Zimbabwe",150,1958,1443,0.472
"705","2011","Afghanistan",170,2275,944,0.465
"706","2011","Albania",69,12702,7672,0.759
"707","2011","Algeria",82,21790,3855,0.738
"708","2011","Angola",149,6710,4902,0.525
"709","2011","Argentina",48,26077,12778,0.823
"710","2011","Armenia",81,9770,5069,0.733
"711","2011","Australia",6,48483,32083,0.928
"712","2011","Austria",20,59600,30325,0.897
"713","2011","Azerbaijan",87,19859,9578,0.731
"714","2011","Bahamas",60,34833,23423,0.795
"715","2011","Bahrain",45,41039,26208,0.798
"716","2011","Bangladesh",135,4364,1309,0.559
"717","2011","Barbados",56,17989,12781,0.802
"718","2011","Belarus",50,20934,13237,0.798
"719","2011","Belgium",17,51819,31936,0.904
"720","2011","Belize",103,9678,4959,0.699
"721","2011","Benin",163,2065,1573,0.479
"722","2011","Bhutan",134,8185,5296,0.581
"723","2011","Bolivia (Plurinational State of)",114,6755,3740,0.66
"724","2011","Bosnia and Herzegovina",75,12923,7293,0.722
"725","2011","Botswana",94,15924,12236,0.676
"726","2011","Brazil",79,17529,11888,0.73
"727","2011","Brunei Darussalam",43,93647,65948,0.836
"728","2011","Bulgaria",52,18335,12192,0.782
"729","2011","Burkina Faso",182,1758,1084,0.385
"730","2011","Burundi",185,621,843,0.41
"731","2011","Côte d'Ivoire",165,3649,1110,0.457
"732","2011","Cabo Verde",126,7063,4660,0.633
"733","2011","Cambodia",146,3032,2060,0.542
"734","2011","Cameroon",150,3393,2377,0.513
"735","2011","Canada",13,49346,32544,0.899
"736","2011","Central African Republic",188,1225,819,0.363
"737","2011","Chad",187,2182,1429,0.385
"738","2011","Chile",42,25678,12750,0.812
"739","2011","China",85,12262,8141,0.711
"740","2011","Colombia",79,13627,8773,0.735
"741","2011","Comoros",156,3125,1791,0.524
"742","2011","Congo",138,4547,3410,0.559
"743","2011","Congo (Democratic Republic of the)",179,740,556,0.419
"744","2011","Costa Rica",68,16285,9403,0.768
"745","2011","Croatia",46,24116,16547,0.817
"746","2011","Cuba",72,9180,4487,0.775
"747","2011","Cyprus",31,39643,26670,0.853
"748","2011","Czechia",26,33881,19604,0.865
"749","2011","Denmark",11,52867,37919,0.922
"750","2011","Djibouti",171,3052,1999,0.451
"751","2011","Dominican Republic",89,14500,7753,0.704
"752","2011","Ecuador",85,12949,6493,0.742
"753","2011","Egypt",116,14805,4541,0.669
"754","2011","El Salvador",124,7853,4898,0.656
"755","2011","Equatorial Guinea",144,27622,16119,0.583
"756","2011","Eritrea",182,2460,1708,0.433
"757","2011","Estonia",30,29544,17877,0.853
"758","2011","Eswatini (Kingdom of)",138,11489,5472,0.528
"759","2011","Ethiopia",173,1470,849,0.423
"760","2011","Fiji",98,9344,5156,0.698
"761","2011","Finland",12,48471,33532,0.907
"762","2011","France",26,46214,31127,0.876
"763","2011","Gabon",115,17908,9605,0.663
"764","2011","Gambia",174,2065,725,0.435
"765","2011","Georgia",70,10212,4696,0.738
"766","2011","Germany",4,53275,34620,0.925
"767","2011","Ghana",142,3772,2744,0.563
"768","2011","Greece",32,31705,19374,0.853
"769","2011","Guatemala",126,9415,3940,0.607
"770","2011","Guinea",174,1903,1331,0.421
"771","2011","Guinea-Bissau",178,1814,1235,0.435
"772","2011","Guyana",123,8664,3543,0.648
"773","2011","Haiti",169,1861,1301,0.474
"774","2011","Honduras",132,4833,2699,0.601
"775","2011","Hungary",43,26794,17258,0.823
"776","2011","Iceland",6,40690,28325,0.901
"777","2011","India",129,7169,1780,0.59
"778","2011","Indonesia",111,11520,5663,0.674
"779","2011","Iran (Islamic Republic of)",65,31109,5487,0.767
"780","2011","Iraq",120,23913,3232,0.658
"781","2011","Ireland",3,44174,28836,0.894
"782","2011","Israel",22,38828,21685,0.892
"783","2011","Italy",29,46929,26241,0.875
"784","2011","Jamaica",96,9557,6103,0.723
"785","2011","Japan",19,49943,24200,0.89
"786","2011","Jordan",102,15089,2770,0.725
"787","2011","Kazakhstan",50,22846,13878,0.772
"788","2011","Kenya",147,2938,2101,0.54
"789","2011","Korea (Republic of)",22,43384,19392,0.888
"790","2011","Kuwait",57,106042,50616,0.796
"791","2011","Kyrgyzstan",122,3460,1780,0.639
"792","2011","Lao People's Democratic Republic",140,5052,3321,0.558
"793","2011","Latvia",39,23796,16366,0.822
"794","2011","Lebanon",93,21733,5563,0.753
"795","2011","Lesotho",164,3657,2466,0.47
"796","2011","Liberia",176,1106,1082,0.457
"797","2011","Libya",110,17418,4564,0.708
"798","2011","Lithuania",34,25630,18937,0.831
"799","2011","Luxembourg",21,76102,51063,0.892
"800","2011","Madagascar",162,1607,1087,0.504
"801","2011","Malawi",172,1260,910,0.447
"802","2011","Malaysia",61,27095,15104,0.779
"803","2011","Maldives",104,14941,6495,0.681
"804","2011","Mali",184,2526,1097,0.408
"805","2011","Malta",28,39310,16168,0.848
"806","2011","Mauritania",161,4998,1759,0.494
"807","2011","Mauritius",66,23344,9273,0.756
"808","2011","Mexico",76,22369,10403,0.746
"809","2011","Moldova (Republic of)",107,6080,4686,0.687
"810","2011","Mongolia",92,9769,6507,0.711
"811","2011","Montenegro",52,17917,11340,0.797
"812","2011","Morocco",121,10382,2899,0.627
"813","2011","Mozambique",180,1061,886,0.391
"814","2011","Myanmar",145,5144,2673,0.534
"815","2011","Namibia",130,10177,7352,0.601
"816","2011","Nepal",147,2508,1642,0.534
"817","2011","Netherlands",10,56656,37970,0.922
"818","2011","New Zealand",14,39549,23242,0.902
"819","2011","Nicaragua",126,5832,2314,0.619
"820","2011","Niger",189,NA,NA,0.326
"821","2011","Nigeria",158,5727,4103,0.494
"822","2011","North Macedonia",82,14171,8638,0.739
"823","2011","Norway",1,70075,55363,0.943
"824","2011","Oman",47,55979,12897,0.795
"825","2011","Pakistan",152,7113,1268,0.528
"826","2011","Panama",67,20752,11379,0.764
"827","2011","Papua New Guinea",155,3230,2519,0.517
"828","2011","Paraguay",98,12547,6685,0.697
"829","2011","Peru",82,12813,6891,0.734
"830","2011","Philippines",106,8297,5308,0.677
"831","2011","Poland",32,26850,17505,0.84
"832","2011","Portugal",40,31373,21597,0.827
"833","2011","Qatar",41,134271,48151,0.845
"834","2011","Romania",52,21320,14103,0.798
"835","2011","Russian Federation",49,28883,19024,0.789
"836","2011","Rwanda",157,1660,1258,0.496
"837","2011","Saint Lucia",89,14456,9384,0.736
"838","2011","Saint Vincent and the Grenadines",94,12182,7274,0.713
"839","2011","Samoa",111,6951,3868,0.695
"840","2011","Sao Tome and Principe",137,3633,1608,0.553
"841","2011","Saudi Arabia",36,74175,16880,0.824
"842","2011","Senegal",166,3759,1688,0.479
"843","2011","Serbia",63,16199,10812,0.772
"844","2011","Sierra Leone",181,1374,1103,0.398
"845","2011","Singapore",9,82426,63557,0.914
"846","2011","Slovakia",36,31966,18232,0.836
"847","2011","Slovenia",24,31705,25167,0.883
"848","2011","Solomon Islands",153,1814,1152,0.532
"849","2011","South Africa",113,14769,9041,0.663
"850","2011","South Sudan",186,2704,2058,0.443
"851","2011","Spain",25,39096,24114,0.87
"852","2011","Sri Lanka",71,13224,5134,0.756
"853","2011","Sudan",168,5543,1455,0.475
"854","2011","Suriname",98,18437,9321,0.708
"855","2011","Sweden",8,52200,37279,0.906
"856","2011","Switzerland",2,69811,44212,0.932
"857","2011","Syrian Arab Republic",154,9981,1449,0.642
"858","2011","Tajikistan",125,4773,918,0.634
"859","2011","Tanzania (United Republic of)",159,2564,2009,0.492
"860","2011","Thailand",77,14812,11675,0.729
"861","2011","Timor-Leste",131,10712,5175,0.627
"862","2011","Togo",167,1673,1060,0.48
"863","2011","Tonga",105,7047,3540,0.696
"864","2011","Trinidad and Tobago",63,33783,21429,0.786
"865","2011","Tunisia",91,15049,4316,0.719
"866","2011","Turkey",59,27750,11481,0.759
"867","2011","Turkmenistan",108,13028,7320,0.68
"868","2011","Uganda",159,2139,1187,0.494
"869","2011","Ukraine",88,10395,6113,0.737
"870","2011","United Arab Emirates",35,69602,18951,0.826
"871","2011","United Kingdom",15,48863,25464,0.899
"872","2011","United States",15,61578,40302,0.914
"873","2011","Uruguay",57,22425,12691,0.783
"874","2011","Uzbekistan",108,5925,3378,0.672
"875","2011","Vanuatu",141,3422,2200,0.585
"876","2011","Venezuela (Bolivarian Republic of)",96,21009,12778,0.764
"877","2011","Viet Nam",118,4970,3958,0.663
"878","2011","Yemen",177,6941,761,0.511
"879","2011","Zambia",143,3820,2695,0.541
"880","2011","Zimbabwe",150,2158,1590,0.49
"881","2012","Afghanistan",170,2472,1044,0.479
"882","2012","Albania",69,12176,8366,0.771
"883","2012","Algeria",82,21570,4081,0.737
"884","2012","Angola",149,7093,5185,0.537
"885","2012","Argentina",48,25542,12676,0.823
"886","2012","Armenia",81,10473,5431,0.737
"887","2012","Australia",6,49952,33196,0.932
"888","2012","Austria",20,59312,30569,0.899
"889","2012","Azerbaijan",87,20938,9260,0.736
"890","2012","Bahamas",60,35755,24105,0.797
"891","2012","Bahrain",45,48346,16254,0.8
"892","2012","Bangladesh",135,4592,1410,0.567
"893","2012","Barbados",56,18508,13166,0.811
"894","2012","Belarus",50,21155,13519,0.803
"895","2012","Belgium",17,52332,32278,0.905
"896","2012","Belize",103,8973,5576,0.706
"897","2012","Benin",163,2089,1595,0.489
"898","2012","Bhutan",134,8076,5725,0.591
"899","2012","Bolivia (Plurinational State of)",114,6996,3705,0.663
"900","2012","Bosnia and Herzegovina",75,13573,6805,0.741
"901","2012","Botswana",94,16479,12776,0.687
"902","2012","Brazil",79,17370,12484,0.734
"903","2012","Brunei Darussalam",43,93123,66291,0.843
"904","2012","Bulgaria",52,18883,12428,0.786
"905","2012","Burkina Faso",182,1843,1149,0.394
"906","2012","Burundi",185,630,859,0.416
"907","2012","Côte d'Ivoire",165,3958,1222,0.467
"908","2012","Cabo Verde",126,6955,4704,0.634
"909","2012","Cambodia",146,3032,2300,0.548
"910","2012","Cameroon",150,3432,2407,0.524
"911","2012","Canada",13,49690,32842,0.906
"912","2012","Central African Republic",188,1284,856,0.37
"913","2012","Chad",187,2297,1510,0.393
"914","2012","Chile",42,27122,13586,0.818
"915","2012","China",85,13261,8796,0.719
"916","2012","Colombia",79,14082,9095,0.736
"917","2012","Comoros",156,3146,1801,0.529
"918","2012","Congo",138,5424,4065,0.571
"919","2012","Congo (Democratic Republic of the)",179,763,568,0.423
"920","2012","Costa Rica",68,16624,10044,0.774
"921","2012","Croatia",46,23456,16287,0.82
"922","2012","Cuba",72,9491,4582,0.764
"923","2012","Cyprus",31,36860,24593,0.852
"924","2012","Czechia",26,33927,19840,0.865
"925","2012","Denmark",11,52714,38064,0.924
"926","2012","Djibouti",171,3134,2070,0.459
"927","2012","Dominican Republic",89,14532,8030,0.708
"928","2012","Ecuador",85,13381,6881,0.74
"929","2012","Egypt",116,14784,4609,0.676
"930","2012","El Salvador",124,8032,4891,0.66
"931","2012","Equatorial Guinea",144,29450,17362,0.587
"932","2012","Eritrea",182,1855,1289,0.422
"933","2012","Estonia",30,31386,18788,0.859
"934","2012","Eswatini (Kingdom of)",138,11883,5753,0.542
"935","2012","Ethiopia",173,1551,898,0.429
"936","2012","Fiji",98,9461,5117,0.702
"937","2012","Finland",12,46213,34235,0.908
"938","2012","France",26,45569,31262,0.878
"939","2012","Gabon",115,19384,10488,0.672
"940","2012","Gambia",174,2116,752,0.441
"941","2012","Georgia",70,11134,5166,0.749
"942","2012","Germany",4,53339,34660,0.927
"943","2012","Ghana",142,3953,2848,0.57
"944","2012","Greece",32,30408,18848,0.856
"945","2012","Guatemala",126,8857,4707,0.613
"946","2012","Guinea",174,1985,1394,0.431
"947","2012","Guinea-Bissau",178,1735,1180,0.437
"948","2012","Guyana",123,9045,3781,0.652
"949","2012","Haiti",169,1887,1326,0.478
"950","2012","Honduras",132,4973,2630,0.6
"951","2012","Hungary",43,26856,17025,0.826
"952","2012","Iceland",6,42109,29701,0.908
"953","2012","India",129,7517,1772,0.6
"954","2012","Indonesia",111,11985,5991,0.682
"955","2012","Iran (Islamic Republic of)",65,28751,4910,0.782
"956","2012","Iraq",120,26423,3549,0.662
"957","2012","Ireland",3,43727,28632,0.899
"958","2012","Israel",22,38207,21676,0.893
"959","2012","Italy",29,45123,25847,0.874
"960","2012","Jamaica",96,9627,6164,0.722
"961","2012","Japan",19,50537,24718,0.895
"962","2012","Jordan",102,14655,2668,0.726
"963","2012","Kazakhstan",50,23813,14817,0.782
"964","2012","Kenya",147,2969,2138,0.545
"965","2012","Korea (Republic of)",22,44132,20017,0.89
"966","2012","Kuwait",57,108030,52935,0.8
"967","2012","Kyrgyzstan",122,3686,1857,0.649
"968","2012","Lao People's Democratic Republic",140,5433,3585,0.569
"969","2012","Latvia",39,24838,17181,0.825
"970","2012","Lebanon",93,20987,5417,0.744
"971","2012","Lesotho",164,3747,2519,0.48
"972","2012","Liberia",176,1116,1099,0.455
"973","2012","Libya",110,38851,9299,0.742
"974","2012","Lithuania",34,27028,20174,0.835
"975","2012","Luxembourg",21,73831,50385,0.892
"976","2012","Madagascar",162,1582,1072,0.507
"977","2012","Malawi",172,1287,844,0.452
"978","2012","Malaysia",61,27525,15777,0.782
"979","2012","Maldives",104,14689,6488,0.688
"980","2012","Mali",184,2421,1048,0.408
"981","2012","Malta",28,38889,17056,0.854
"982","2012","Mauritania",161,5093,1802,0.503
"983","2012","Mauritius",66,25093,10217,0.768
"984","2012","Mexico",76,22689,10704,0.752
"985","2012","Moldova (Republic of)",107,6152,4808,0.693
"986","2012","Mongolia",92,10351,7636,0.719
"987","2012","Montenegro",52,17719,10980,0.798
"988","2012","Morocco",121,10554,2883,0.636
"989","2012","Mozambique",180,1121,928,0.398
"990","2012","Myanmar",145,5267,2726,0.541
"991","2012","Namibia",130,10312,7505,0.612
"992","2012","Nepal",147,2667,1716,0.548
"993","2012","Netherlands",10,55962,37626,0.921
"994","2012","New Zealand",14,40234,23869,0.905
"995","2012","Nicaragua",126,6108,2436,0.625
"996","2012","Niger",189,1581,104,0.338
"997","2012","Nigeria",158,5807,4208,0.502
"998","2012","North Macedonia",82,14121,8470,0.74
"999","2012","Norway",1,70712,56291,0.942
"1000","2012","Oman",47,56150,12979,0.804
"1001","2012","Pakistan",152,7243,1299,0.533
"1002","2012","Panama",67,21644,12788,0.77
"1003","2012","Papua New Guinea",155,3302,2579,0.508
"1004","2012","Paraguay",98,11924,6797,0.697
"1005","2012","Peru",82,13659,7361,0.734
"1006","2012","Philippines",106,8756,5575,0.684
"1007","2012","Poland",32,27188,17825,0.836
"1008","2012","Portugal",40,29737,21037,0.829
"1009","2012","Qatar",41,131020,51747,0.85
"1010","2012","Romania",52,21704,14586,0.796
"1011","2012","Russian Federation",49,29888,19637,0.797
"1012","2012","Rwanda",157,1753,1331,0.504
"1013","2012","Saint Lucia",89,14258,9073,0.731
"1014","2012","Saint Vincent and the Grenadines",94,12644,7326,0.713
"1015","2012","Samoa",111,7048,3761,0.696
"1016","2012","Sao Tome and Principe",137,3566,1612,0.558
"1017","2012","Saudi Arabia",36,74979,18254,0.837
"1018","2012","Senegal",166,3816,1749,0.489
"1019","2012","Serbia",63,16068,10602,0.772
"1020","2012","Sierra Leone",181,1621,1301,0.413
"1021","2012","Singapore",9,83274,64012,0.92
"1022","2012","Slovakia",36,32906,18936,0.841
"1023","2012","Slovenia",24,30616,24516,0.876
"1024","2012","Solomon Islands",153,2237,1431,0.546
"1025","2012","South Africa",113,14676,9240,0.673
"1026","2012","South Sudan",186,2534,1935,0.438
"1027","2012","Spain",25,38289,23689,0.873
"1028","2012","Sri Lanka",71,14521,5366,0.762
"1029","2012","Sudan",168,5943,1583,0.485
"1030","2012","Suriname",98,19074,9732,0.72
"1031","2012","Sweden",8,50296,38450,0.908
"1032","2012","Switzerland",2,67608,47458,0.935
"1033","2012","Syrian Arab Republic",154,7945,1132,0.631
"1034","2012","Tajikistan",125,5021,952,0.639
"1035","2012","Tanzania (United Republic of)",159,2426,2231,0.501
"1036","2012","Thailand",77,15456,12206,0.733
"1037","2012","Timor-Leste",131,6357,3039,0.601
"1038","2012","Togo",167,1669,1058,0.484
"1039","2012","Tonga",105,7179,3601,0.7
"1040","2012","Trinidad and Tobago",63,34803,22127,0.784
"1041","2012","Tunisia",91,15496,4544,0.721
"1042","2012","Turkey",59,28386,12095,0.765
"1043","2012","Turkmenistan",108,14256,7997,0.686
"1044","2012","Uganda",159,2140,1190,0.497
"1045","2012","Ukraine",88,10438,6242,0.742
"1046","2012","United Arab Emirates",35,71827,19400,0.832
"1047","2012","United Kingdom",15,48216,25564,0.897
"1048","2012","United States",15,62555,40766,0.916
"1049","2012","Uruguay",57,22053,12668,0.788
"1050","2012","Uzbekistan",108,6358,3615,0.681
"1051","2012","Vanuatu",141,3266,2118,0.584
"1052","2012","Venezuela (Bolivarian Republic of)",96,21802,13288,0.767
"1053","2012","Viet Nam",118,5096,4216,0.668
"1054","2012","Yemen",177,6093,592,0.501
"1055","2012","Zambia",143,4133,2921,0.552
"1056","2012","Zimbabwe",150,2502,1845,0.516
"1057","2013","Afghanistan",170,2509,1082,0.485
"1058","2013","Albania",69,12898,8374,0.781
"1059","2013","Algeria",82,21541,4182,0.746
"1060","2013","Angola",149,7280,5329,0.547
"1061","2013","Argentina",48,26002,12797,0.824
"1062","2013","Armenia",81,11078,5599,0.743
"1063","2013","Australia",6,50665,33768,0.926
"1064","2013","Austria",20,58844,30646,0.896
"1065","2013","Azerbaijan",87,21935,9835,0.741
"1066","2013","Bahamas",60,35255,23833,0.797
"1067","2013","Bahrain",45,50429,17045,0.807
"1068","2013","Bangladesh",135,4604,1668,0.572
"1069","2013","Barbados",56,18140,13279,0.812
"1070","2013","Belarus",50,21070,13473,0.808
"1071","2013","Belgium",17,51036,32670,0.908
"1072","2013","Belize",103,8886,5488,0.707
"1073","2013","Benin",163,2177,1664,0.5
"1074","2013","Bhutan",134,8736,5274,0.594
"1075","2013","Bolivia (Plurinational State of)",114,7311,3923,0.673
"1076","2013","Bosnia and Herzegovina",75,14227,7113,0.748
"1077","2013","Botswana",94,17250,13520,0.699
"1078","2013","Brazil",79,19095,11715,0.752
"1079","2013","Brunei Darussalam",43,91024,65440,0.844
"1080","2013","Bulgaria",52,18821,12540,0.792
"1081","2013","Burkina Faso",182,1888,1192,0.401
"1082","2013","Burundi",185,641,879,0.422
"1083","2013","Côte d'Ivoire",165,4145,1301,0.475
"1084","2013","Cabo Verde",126,6937,4757,0.641
"1085","2013","Cambodia",146,3272,2420,0.555
"1086","2013","Cameroon",150,3505,2460,0.531
"1087","2013","Canada",13,50300,33473,0.91
"1088","2013","Central African Republic",188,821,542,0.351
"1089","2013","Chad",187,2289,1511,0.399
"1090","2013","Chile",42,28063,14078,0.83
"1091","2013","China",85,14147,9368,0.727
"1092","2013","Colombia",79,14571,9522,0.746
"1093","2013","Comoros",156,3202,1854,0.532
"1094","2013","Congo",138,5849,4371,0.581
"1095","2013","Congo (Democratic Republic of the)",179,768,571,0.429
"1096","2013","Costa Rica",68,16711,10097,0.777
"1097","2013","Croatia",46,23425,16609,0.825
"1098","2013","Cuba",72,9743,4703,0.762
"1099","2013","Cyprus",31,34159,23297,0.854
"1100","2013","Czechia",26,33594,19987,0.874
"1101","2013","Denmark",11,53261,38794,0.926
"1102","2013","Djibouti",171,3345,2229,0.467
"1103","2013","Dominican Republic",89,15026,8185,0.712
"1104","2013","Ecuador",85,13894,7059,0.751
"1105","2013","Egypt",116,15163,4143,0.681
"1106","2013","El Salvador",124,7715,5330,0.662
"1107","2013","Equatorial Guinea",144,28501,16826,0.588
"1108","2013","Eritrea",182,1905,1321,0.425
"1109","2013","Estonia",30,32793,19456,0.863
"1110","2013","Eswatini (Kingdom of)",138,12122,6702,0.558
"1111","2013","Ethiopia",173,1667,966,0.439
"1112","2013","Fiji",98,10116,5421,0.707
"1113","2013","Finland",12,46579,32779,0.916
"1114","2013","France",26,45470,31443,0.882
"1115","2013","Gabon",115,19987,10899,0.679
"1116","2013","Gambia",174,2173,773,0.448
"1117","2013","Georgia",70,11233,5480,0.756
"1118","2013","Germany",4,52865,35228,0.927
"1119","2013","Ghana",142,4297,3062,0.578
"1120","2013","Greece",32,29416,18219,0.858
"1121","2013","Guatemala",126,9292,4522,0.616
"1122","2013","Guinea",174,2026,1430,0.439
"1123","2013","Guinea-Bissau",178,1701,1159,0.441
"1124","2013","Guyana",123,9292,3974,0.656
"1125","2013","Haiti",169,1923,1362,0.483
"1126","2013","Honduras",132,4867,2787,0.603
"1127","2013","Hungary",43,27752,17778,0.835
"1128","2013","Iceland",6,47152,33579,0.92
"1129","2013","India",129,7886,1875,0.607
"1130","2013","Indonesia",111,12539,6153,0.688
"1131","2013","Iran (Islamic Republic of)",65,28436,4707,0.785
"1132","2013","Iraq",120,26915,3639,0.662
"1133","2013","Ireland",3,45852,30411,0.908
"1134","2013","Israel",22,38796,22723,0.895
"1135","2013","Italy",29,44231,24699,0.873
"1136","2013","Jamaica",96,9468,6153,0.72
"1137","2013","Japan",19,51540,25810,0.9
"1138","2013","Jordan",102,14465,2505,0.72
"1139","2013","Kazakhstan",50,26107,16233,0.791
"1140","2013","Kenya",147,3032,2201,0.551
"1141","2013","Korea (Republic of)",22,45016,20495,0.893
"1142","2013","Kuwait",57,102898,52005,0.798
"1143","2013","Kyrgyzstan",122,3957,1912,0.658
"1144","2013","Lao People's Democratic Republic",140,5811,3844,0.579
"1145","2013","Latvia",39,25919,17801,0.834
"1146","2013","Lebanon",93,20174,5229,0.741
"1147","2013","Lesotho",164,3754,2517,0.486
"1148","2013","Liberia",176,1177,1171,0.463
"1149","2013","Libya",110,18758,4742,0.707
"1150","2013","Lithuania",34,28789,20832,0.84
"1151","2013","Luxembourg",21,71587,48832,0.892
"1152","2013","Madagascar",162,1580,1062,0.509
"1153","2013","Malawi",172,1310,854,0.463
"1154","2013","Malaysia",61,28050,16886,0.787
"1155","2013","Maldives",104,14509,6705,0.693
"1156","2013","Mali",184,2435,1052,0.408
"1157","2013","Malta",28,38217,19202,0.861
"1158","2013","Mauritania",161,5251,1876,0.511
"1159","2013","Mauritius",66,25939,11707,0.775
"1160","2013","Mexico",76,22455,10624,0.75
"1161","2013","Moldova (Republic of)",107,6717,5250,0.702
"1162","2013","Mongolia",92,12319,7885,0.728
"1163","2013","Montenegro",52,18305,11468,0.801
"1164","2013","Morocco",121,10945,2990,0.646
"1165","2013","Mozambique",180,1174,963,0.412
"1166","2013","Myanmar",145,5717,2950,0.551
"1167","2013","Namibia",130,10728,8415,0.622
"1168","2013","Nepal",147,2819,1775,0.555
"1169","2013","Netherlands",10,55535,37328,0.924
"1170","2013","New Zealand",14,40954,24368,0.907
"1171","2013","Nicaragua",126,6315,2534,0.63
"1172","2013","Niger",189,1592,104,0.345
"1173","2013","Nigeria",158,6013,4407,0.52
"1174","2013","North Macedonia",82,14296,8880,0.743
"1175","2013","Norway",1,70654,56429,0.946
"1176","2013","Oman",47,55194,12832,0.811
"1177","2013","Pakistan",152,7416,1318,0.537
"1178","2013","Panama",67,22840,12951,0.775
"1179","2013","Papua New Guinea",155,3171,2483,0.521
"1180","2013","Paraguay",98,12882,7202,0.709
"1181","2013","Peru",82,14490,7871,0.742
"1182","2013","Philippines",106,9295,5953,0.692
"1183","2013","Poland",32,28055,17801,0.851
"1184","2013","Portugal",40,30012,21043,0.837
"1185","2013","Qatar",41,129869,54095,0.857
"1186","2013","Romania",52,22259,15241,0.8
"1187","2013","Russian Federation",49,30341,19783,0.803
"1188","2013","Rwanda",157,1782,1355,0.506
"1189","2013","Saint Lucia",89,14081,9000,0.726
"1190","2013","Saint Vincent and the Grenadines",94,12590,7296,0.714
"1191","2013","Samoa",111,6846,3656,0.696
"1192","2013","Sao Tome and Principe",137,3715,1755,0.568
"1193","2013","Saudi Arabia",36,75260,17652,0.846
"1194","2013","Senegal",166,3787,1772,0.494
"1195","2013","Serbia",63,16145,11220,0.775
"1196","2013","Sierra Leone",181,1843,1480,0.426
"1197","2013","Singapore",9,84833,65753,0.923
"1198","2013","Slovakia",36,33297,19753,0.844
"1199","2013","Slovenia",24,31016,23538,0.884
"1200","2013","Solomon Islands",153,2387,1522,0.55
"1201","2013","South Africa",113,14852,9294,0.683
"1202","2013","South Sudan",186,2685,2060,0.439
"1203","2013","Spain",25,37590,23658,0.875
"1204","2013","Sri Lanka",71,14524,5754,0.765
"1205","2013","Sudan",168,4233,1143,0.477
"1206","2013","Suriname",98,19573,10156,0.724
"1207","2013","Sweden",8,50417,38628,0.927
"1208","2013","Switzerland",2,67724,47947,0.938
"1209","2013","Syrian Arab Republic",154,6167,865,0.572
"1210","2013","Tajikistan",125,5341,999,0.643
"1211","2013","Tanzania (United Republic of)",159,2525,2296,0.503
"1212","2013","Thailand",77,15446,12302,0.731
"1213","2013","Timor-Leste",131,9417,2978,0.613
"1214","2013","Togo",167,1731,1099,0.49
"1215","2013","Tonga",105,7092,3410,0.699
"1216","2013","Trinidad and Tobago",63,36205,23467,0.787
"1217","2013","Tunisia",91,15697,4630,0.725
"1218","2013","Turkey",59,30098,13009,0.781
"1219","2013","Turkmenistan",108,15563,8710,0.691
"1220","2013","Uganda",159,2147,1187,0.503
"1221","2013","Ukraine",88,10408,6292,0.744
"1222","2013","United Arab Emirates",35,76110,20320,0.839
"1223","2013","United Kingdom",15,48314,25686,0.914
"1224","2013","United States",15,63289,41145,0.914
"1225","2013","Uruguay",57,23727,13260,0.797
"1226","2013","Uzbekistan",108,6837,3878,0.688
"1227","2013","Vanuatu",141,3444,2207,0.588
"1228","2013","Venezuela (Bolivarian Republic of)",96,21680,13270,0.772
"1229","2013","Viet Nam",118,5259,4429,0.673
"1230","2013","Yemen",177,6189,467,0.506
"1231","2013","Zambia",143,4081,2896,0.559
"1232","2013","Zimbabwe",150,2596,1915,0.527
"1233","2014","Afghanistan",170,2466,1088,0.488
"1234","2014","Albania",69,13135,8379,0.787
"1235","2014","Algeria",82,22101,4059,0.749
"1236","2014","Angola",149,7495,5494,0.557
"1237","2014","Argentina",48,25138,12317,0.825
"1238","2014","Armenia",81,11237,5701,0.746
"1239","2014","Australia",6,51038,34196,0.929
"1240","2014","Austria",20,54456,34593,0.904
"1241","2014","Azerbaijan",87,21693,11253,0.746
"1242","2014","Bahamas",60,34615,23051,0.796
"1243","2014","Bahrain",45,49056,16697,0.81
"1244","2014","Bangladesh",135,4740,1757,0.572
"1245","2014","Barbados",56,17866,13457,0.812
"1246","2014","Belarus",50,21260,13986,0.811
"1247","2014","Belgium",17,50839,32745,0.91
"1248","2014","Belize",103,8970,5505,0.71
"1249","2014","Benin",163,2251,1727,0.505
"1250","2014","Bhutan",134,9282,5325,0.601
"1251","2014","Bolivia (Plurinational State of)",114,7559,4287,0.678
"1252","2014","Bosnia and Herzegovina",75,14579,7277,0.754
"1253","2014","Botswana",94,17803,13966,0.709
"1254","2014","Brazil",79,18327,12120,0.755
"1255","2014","Brunei Darussalam",43,88147,64469,0.845
"1256","2014","Bulgaria",52,19633,12933,0.797
"1257","2014","Burkina Faso",182,1876,1202,0.405
"1258","2014","Burundi",185,644,886,0.429
"1259","2014","Côte d'Ivoire",165,4463,1423,0.478
"1260","2014","Cabo Verde",126,6728,4708,0.641
"1261","2014","Cambodia",146,3410,2530,0.561
"1262","2014","Cameroon",150,3650,2566,0.54
"1263","2014","Canada",13,51315,33921,0.914
"1264","2014","Central African Republic",188,820,541,0.355
"1265","2014","Chad",187,2371,1572,0.406
"1266","2014","Chile",42,28391,14429,0.834
"1267","2014","China",85,15257,10086,0.735
"1268","2014","Colombia",79,15538,9607,0.75
"1269","2014","Comoros",156,3183,1863,0.534
"1270","2014","Congo",138,6800,5088,0.595
"1271","2014","Congo (Democratic Republic of the)",179,817,608,0.441
"1272","2014","Costa Rica",68,17275,10014,0.785
"1273","2014","Croatia",46,23290,16876,0.827
"1274","2014","Cuba",72,9813,4734,0.764
"1275","2014","Cyprus",31,34002,23805,0.856
"1276","2014","Czechia",26,34241,20241,0.879
"1277","2014","Denmark",11,54361,39155,0.928
"1278","2014","Djibouti",171,3561,2374,0.475
"1279","2014","Dominican Republic",89,16041,8614,0.724
"1280","2014","Ecuador",85,14312,7083,0.75
"1281","2014","Egypt",116,15238,4230,0.683
"1282","2014","El Salvador",124,8109,5133,0.66
"1283","2014","Equatorial Guinea",144,27956,16400,0.59
"1284","2014","Eritrea",182,1920,1331,0.436
"1285","2014","Estonia",30,33880,19722,0.865
"1286","2014","Eswatini (Kingdom of)",138,12080,6798,0.573
"1287","2014","Ethiopia",173,1781,1040,0.446
"1288","2014","Fiji",98,10574,5368,0.712
"1289","2014","Finland",12,46090,32869,0.918
"1290","2014","France",26,45946,31299,0.887
"1291","2014","Gabon",115,21716,11920,0.688
"1292","2014","Gambia",174,2083,745,0.449
"1293","2014","Georgia",70,11893,5760,0.764
"1294","2014","Germany",4,53543,35821,0.93
"1295","2014","Ghana",142,4289,3022,0.577
"1296","2014","Greece",32,29548,19126,0.866
"1297","2014","Guatemala",126,9457,4574,0.643
"1298","2014","Guinea",174,2092,1485,0.446
"1299","2014","Guinea-Bissau",178,1766,1203,0.45
"1300","2014","Guyana",123,9548,4154,0.66
"1301","2014","Haiti",169,1951,1388,0.488
"1302","2014","Honduras",132,4790,2884,0.606
"1303","2014","Hungary",43,28366,18437,0.833
"1304","2014","Iceland",6,47610,33735,0.924
"1305","2014","India",129,8367,2008,0.618
"1306","2014","Indonesia",111,13008,6300,0.691
"1307","2014","Iran (Islamic Republic of)",65,29356,4712,0.788
"1308","2014","Iraq",120,26238,3563,0.662
"1309","2014","Ireland",3,49768,32817,0.92
"1310","2014","Israel",22,40155,23452,0.9
"1311","2014","Italy",29,43777,24694,0.874
"1312","2014","Jamaica",96,9481,6151,0.72
"1313","2014","Japan",19,51526,26380,0.904
"1314","2014","Jordan",102,14231,2471,0.72
"1315","2014","Kazakhstan",50,27595,16182,0.798
"1316","2014","Kenya",147,3093,2265,0.556
"1317","2014","Korea (Republic of)",22,46092,20921,0.896
"1318","2014","Kuwait",57,98957,51641,0.8
"1319","2014","Kyrgyzstan",122,4074,1991,0.663
"1320","2014","Lao People's Democratic Republic",140,6211,4118,0.586
"1321","2014","Latvia",39,26767,18143,0.836
"1322","2014","Lebanon",93,19282,5003,0.732
"1323","2014","Lesotho",164,3736,2528,0.493
"1324","2014","Liberia",176,1152,1153,0.464
"1325","2014","Libya",110,14516,3909,0.693
"1326","2014","Lithuania",34,30425,22066,0.852
"1327","2014","Luxembourg",21,69620,50995,0.895
"1328","2014","Madagascar",162,1601,1065,0.512
"1329","2014","Malawi",172,1348,882,0.472
"1330","2014","Malaysia",61,29214,17813,0.792
"1331","2014","Maldives",104,14932,7026,0.702
"1332","2014","Mali",184,2532,1095,0.414
"1333","2014","Malta",28,40321,21014,0.868
"1334","2014","Mauritania",161,5328,1924,0.518
"1335","2014","Mauritius",66,26795,12180,0.786
"1336","2014","Mexico",76,23065,10718,0.754
"1337","2014","Moldova (Republic of)",107,7054,5432,0.705
"1338","2014","Mongolia",92,11428,9361,0.733
"1339","2014","Montenegro",52,17528,12532,0.803
"1340","2014","Morocco",121,11013,2947,0.653
"1341","2014","Mozambique",180,1221,993,0.42
"1342","2014","Myanmar",145,6077,3125,0.558
"1343","2014","Namibia",130,11043,9044,0.631
"1344","2014","Nepal",147,3054,1882,0.562
"1345","2014","Netherlands",10,55440,36931,0.925
"1346","2014","New Zealand",14,41709,24957,0.91
"1347","2014","Nicaragua",126,5152,3987,0.64
"1348","2014","Niger",189,1655,109,0.353
"1349","2014","Nigeria",158,6324,4643,0.523
"1350","2014","North Macedonia",82,15144,8966,0.747
"1351","2014","Norway",1,72509,58286,0.945
"1352","2014","Oman",47,51727,12041,0.815
"1353","2014","Pakistan",152,7670,1323,0.546
"1354","2014","Panama",67,22525,13413,0.779
"1355","2014","Papua New Guinea",155,3869,3053,0.531
"1356","2014","Paraguay",98,13549,7294,0.712
"1357","2014","Peru",82,14665,8158,0.752
"1358","2014","Philippines",106,9637,6232,0.697
"1359","2014","Poland",32,28843,18375,0.853
"1360","2014","Portugal",40,30305,21302,0.84
"1361","2014","Qatar",41,129252,55653,0.854
"1362","2014","Romania",52,23033,16265,0.803
"1363","2014","Russian Federation",49,30129,19575,0.807
"1364","2014","Rwanda",157,1860,1416,0.513
"1365","2014","Saint Lucia",89,13081,8561,0.728
"1366","2014","Saint Vincent and the Grenadines",94,13275,7689,0.715
"1367","2014","Samoa",111,6956,3570,0.698
"1368","2014","Sao Tome and Principe",137,3977,1787,0.577
"1369","2014","Saudi Arabia",36,75569,18248,0.853
"1370","2014","Senegal",166,3888,1859,0.501
"1371","2014","Serbia",63,16177,10903,0.78
"1372","2014","Sierra Leone",181,1857,1490,0.43
"1373","2014","Singapore",9,88619,68933,0.928
"1374","2014","Slovakia",36,34171,20110,0.845
"1375","2014","Slovenia",24,31852,24492,0.886
"1376","2014","Solomon Islands",153,2394,1527,0.551
"1377","2014","South Africa",113,14873,9323,0.691
"1378","2014","South Sudan",186,2608,2011,0.435
"1379","2014","Spain",25,38435,23986,0.88
"1380","2014","Sri Lanka",71,15072,6037,0.769
"1381","2014","Sudan",168,5929,1623,0.496
"1382","2014","Suriname",98,19678,10171,0.726
"1383","2014","Sweden",8,51065,39261,0.929
"1384","2014","Switzerland",2,67669,47478,0.939
"1385","2014","Syrian Arab Republic",154,4943,684,0.551
"1386","2014","Tajikistan",125,5256,969,0.642
"1387","2014","Tanzania (United Republic of)",159,2826,2163,0.509
"1388","2014","Thailand",77,15941,12342,0.739
"1389","2014","Timor-Leste",131,8556,2710,0.608
"1390","2014","Togo",167,1791,1139,0.495
"1391","2014","Tonga",105,7169,3442,0.699
"1392","2014","Trinidad and Tobago",63,35483,22934,0.788
"1393","2014","Tunisia",91,16194,4734,0.728
"1394","2014","Turkey",59,31194,13385,0.792
"1395","2014","Turkmenistan",108,16820,9376,0.696
"1396","2014","Uganda",159,2177,1210,0.509
"1397","2014","Ukraine",88,10433,6178,0.747
"1398","2014","United Arab Emirates",35,79977,21139,0.847
"1399","2014","United Kingdom",15,49235,26358,0.918
"1400","2014","United States",15,64293,41918,0.915
"1401","2014","Uruguay",57,24040,13597,0.8
"1402","2014","Uzbekistan",108,7126,4033,0.693
"1403","2014","Vanuatu",141,3464,2196,0.589
"1404","2014","Venezuela (Bolivarian Republic of)",96,21284,12977,0.77
"1405","2014","Viet Nam",118,5473,4634,0.675
"1406","2014","Yemen",177,6134,411,0.504
"1407","2014","Zambia",143,4227,3015,0.565
"1408","2014","Zimbabwe",150,2619,1933,0.537
"1409","2015","Afghanistan",170,2432,1096,0.49
"1410","2015","Albania",69,13010,9115,0.788
"1411","2015","Algeria",82,22403,4072,0.751
"1412","2015","Angola",149,7439,5462,0.565
"1413","2015","Argentina",48,25457,12671,0.828
"1414","2015","Armenia",81,11380,5911,0.748
"1415","2015","Australia",6,51717,34832,0.933
"1416","2015","Austria",20,57604,30603,0.906
"1417","2015","Azerbaijan",87,21519,11048,0.749
"1418","2015","Bahamas",60,34828,23043,0.799
"1419","2015","Bahrain",45,56296,19272,0.834
"1420","2015","Bangladesh",135,4956,1880,0.588
"1421","2015","Barbados",56,18018,13416,0.812
"1422","2015","Belarus",50,20184,13201,0.811
"1423","2015","Belgium",17,50269,33214,0.913
"1424","2015","Belize",103,9349,5704,0.715
"1425","2015","Benin",163,2229,1714,0.51
"1426","2015","Bhutan",134,9665,5731,0.606
"1427","2015","Bolivia (Plurinational State of)",114,7988,4514,0.685
"1428","2015","Bosnia and Herzegovina",75,15273,7579,0.755
"1429","2015","Botswana",94,17356,13609,0.714
"1430","2015","Brazil",79,16348,12689,0.755
"1431","2015","Brunei Darussalam",43,89831,67488,0.843
"1432","2015","Bulgaria",52,20312,13206,0.807
"1433","2015","Burkina Faso",182,1883,1209,0.413
"1434","2015","Burundi",185,602,827,0.427
"1435","2015","Côte d'Ivoire",165,4695,1522,0.494
"1436","2015","Cabo Verde",126,6746,4813,0.643
"1437","2015","Cambodia",146,3543,2649,0.566
"1438","2015","Cameroon",150,3730,2628,0.548
"1439","2015","Canada",13,51372,33905,0.917
"1440","2015","Central African Republic",188,853,562,0.362
"1441","2015","Chad",187,2401,1599,0.403
"1442","2015","Chile",42,28793,14733,0.839
"1443","2015","China",85,16162,10658,0.742
"1444","2015","Colombia",79,15758,10254,0.753
"1445","2015","Comoros",156,3150,1847,0.535
"1446","2015","Congo",138,8728,6539,0.614
"1447","2015","Congo (Democratic Republic of the)",179,858,640,0.445
"1448","2015","Costa Rica",68,17470,10429,0.786
"1449","2015","Croatia",46,24358,17677,0.83
"1450","2015","Cuba",72,10247,4921,0.768
"1451","2015","Cyprus",31,35887,26213,0.864
"1452","2015","Czechia",26,35826,21420,0.882
"1453","2015","Denmark",11,55135,39378,0.926
"1454","2015","Djibouti",171,3817,2575,0.482
"1455","2015","Dominican Republic",89,16692,9554,0.733
"1456","2015","Ecuador",85,13798,7242,0.758
"1457","2015","Egypt",116,15634,4383,0.69
"1458","2015","El Salvador",124,8341,5140,0.66
"1459","2015","Equatorial Guinea",144,28745,16918,0.593
"1460","2015","Eritrea",182,1927,1338,0.433
"1461","2015","Estonia",30,34511,20402,0.871
"1462","2015","Eswatini (Kingdom of)",138,12026,6883,0.585
"1463","2015","Ethiopia",173,1904,1120,0.453
"1464","2015","Fiji",98,11239,5449,0.718
"1465","2015","Finland",12,45805,33335,0.919
"1466","2015","France",26,46281,31511,0.888
"1467","2015","Gabon",115,20892,11607,0.692
"1468","2015","Gambia",174,2133,771,0.454
"1469","2015","Georgia",70,11804,5956,0.771
"1470","2015","Germany",4,53863,36446,0.933
"1471","2015","Ghana",142,4454,2998,0.585
"1472","2015","Greece",32,29390,19127,0.868
"1473","2015","Guatemala",126,9537,4795,0.647
"1474","2015","Guinea",174,2120,1516,0.449
"1475","2015","Guinea-Bissau",178,1804,1237,0.453
"1476","2015","Guyana",123,9779,4285,0.663
"1477","2015","Haiti",169,1945,1385,0.492
"1478","2015","Honduras",132,5011,2903,0.613
"1479","2015","Hungary",43,29658,18810,0.835
"1480","2015","Iceland",6,49228,35088,0.927
"1481","2015","India",129,8919,2159,0.627
"1482","2015","Indonesia",111,13178,6833,0.696
"1483","2015","Iran (Islamic Republic of)",65,28192,4961,0.789
"1484","2015","Iraq",120,25918,3540,0.665
"1485","2015","Ireland",3,55416,36395,0.926
"1486","2015","Israel",22,39966,23796,0.901
"1487","2015","Italy",29,44170,24618,0.875
"1488","2015","Jamaica",96,9411,6110,0.722
"1489","2015","Japan",19,52208,26960,0.906
"1490","2015","Jordan",102,14017,2448,0.721
"1491","2015","Kazakhstan",50,29502,17236,0.806
"1492","2015","Kenya",147,3189,2354,0.562
"1493","2015","Korea (Republic of)",22,47241,21256,0.899
"1494","2015","Kuwait",57,93316,50253,0.807
"1495","2015","Kyrgyzstan",122,4097,2088,0.666
"1496","2015","Lao People's Democratic Republic",140,6557,4357,0.594
"1497","2015","Latvia",39,27715,18806,0.842
"1498","2015","Lebanon",93,18575,4844,0.728
"1499","2015","Lesotho",164,3840,2614,0.499
"1500","2015","Liberia",176,1134,1141,0.463
"1501","2015","Libya",110,14139,3831,0.691
"1502","2015","Lithuania",34,30248,22233,0.855
"1503","2015","Luxembourg",21,76657,49110,0.899
"1504","2015","Madagascar",162,1597,1051,0.514
"1505","2015","Malawi",172,1344,883,0.475
"1506","2015","Malaysia",61,30320,18741,0.797
"1507","2015","Maldives",104,14920,6834,0.709
"1508","2015","Mali",184,2526,1210,0.412
"1509","2015","Malta",28,42591,22672,0.877
"1510","2015","Mauritania",161,5307,1930,0.521
"1511","2015","Mauritius",66,27678,12838,0.786
"1512","2015","Mexico",76,23486,10937,0.759
"1513","2015","Moldova (Republic of)",107,6811,5312,0.703
"1514","2015","Mongolia",92,11538,9357,0.736
"1515","2015","Montenegro",52,18202,13150,0.807
"1516","2015","Morocco",121,11444,3000,0.66
"1517","2015","Mozambique",180,1260,1014,0.428
"1518","2015","Myanmar",145,6718,3137,0.565
"1519","2015","Namibia",130,11607,9272,0.637
"1520","2015","Nepal",147,3170,1924,0.568
"1521","2015","Netherlands",10,56215,37843,0.927
"1522","2015","New Zealand",14,42575,25671,0.914
"1523","2015","Nicaragua",126,5289,4144,0.644
"1524","2015","Niger",189,1655,109,0.36
"1525","2015","Nigeria",158,6372,4687,0.527
"1526","2015","North Macedonia",82,15506,9167,0.753
"1527","2015","Norway",1,74252,58809,0.948
"1528","2015","Oman",47,52962,12356,0.827
"1529","2015","Pakistan",152,7812,1456,0.55
"1530","2015","Panama",67,22977,14267,0.782
"1531","2015","Papua New Guinea",155,4160,3300,0.539
"1532","2015","Paraguay",98,13568,7624,0.718
"1533","2015","Peru",82,15413,8155,0.75
"1534","2015","Philippines",106,10103,6454,0.702
"1535","2015","Poland",32,29975,19096,0.858
"1536","2015","Portugal",40,30334,21835,0.843
"1537","2015","Qatar",41,131891,57751,0.851
"1538","2015","Romania",52,23978,16533,0.806
"1539","2015","Russian Federation",49,29673,19163,0.813
"1540","2015","Rwanda",157,1967,1502,0.515
"1541","2015","Saint Lucia",89,12808,8221,0.736
"1542","2015","Saint Vincent and the Grenadines",94,14648,8227,0.721
"1543","2015","Samoa",111,7131,3663,0.699
"1544","2015","Sao Tome and Principe",137,3951,1808,0.59
"1545","2015","Saudi Arabia",36,76776,18180,0.857
"1546","2015","Senegal",166,3978,1944,0.504
"1547","2015","Serbia",63,16378,11081,0.785
"1548","2015","Sierra Leone",181,1456,1163,0.422
"1549","2015","Singapore",9,85240,69393,0.929
"1550","2015","Slovakia",36,34714,21057,0.849
"1551","2015","Slovenia",24,31410,24886,0.886
"1552","2015","Solomon Islands",153,2482,1568,0.555
"1553","2015","South Africa",113,14975,9204,0.699
"1554","2015","South Sudan",186,2360,1831,0.428
"1555","2015","Spain",25,39549,25237,0.885
"1556","2015","Sri Lanka",71,15504,6400,0.772
"1557","2015","Sudan",168,6115,1699,0.501
"1558","2015","Suriname",98,19114,9722,0.73
"1559","2015","Sweden",8,52006,40332,0.932
"1560","2015","Switzerland",2,69027,48627,0.943
"1561","2015","Syrian Arab Republic",154,4651,634,0.54
"1562","2015","Tajikistan",125,5193,947,0.642
"1563","2015","Tanzania (United Republic of)",159,2903,2224,0.519
"1564","2015","Thailand",77,16199,12811,0.746
"1565","2015","Timor-Leste",131,12491,3984,0.628
"1566","2015","Togo",167,1926,1158,0.502
"1567","2015","Tonga",105,7481,3589,0.714
"1568","2015","Trinidad and Tobago",63,38247,24225,0.796
"1569","2015","Tunisia",91,16335,4734,0.731
"1570","2015","Turkey",59,32123,14252,0.8
"1571","2015","Turkmenistan",108,18219,10135,0.701
"1572","2015","Uganda",159,2214,1237,0.515
"1573","2015","Ukraine",88,9427,5605,0.742
"1574","2015","United Arab Emirates",35,84480,22366,0.86
"1575","2015","United Kingdom",15,49317,27230,0.916
"1576","2015","United States",15,65669,42658,0.917
"1577","2015","Uruguay",57,24461,13982,0.802
"1578","2015","Uzbekistan",108,7369,4161,0.696
"1579","2015","Vanuatu",141,3258,2084,0.592
"1580","2015","Venezuela (Bolivarian Republic of)",96,18848,11398,0.763
"1581","2015","Viet Nam",118,5720,4910,0.68
"1582","2015","Yemen",177,4971,328,0.493
"1583","2015","Zambia",143,4223,3024,0.57
"1584","2015","Zimbabwe",150,2580,1905,0.544
"1585","2016","Afghanistan",170,2396,1099,0.491
"1586","2016","Albania",69,13794,9186,0.788
"1587","2016","Algeria",82,23284,4186,0.755
"1588","2016","Angola",149,6986,5136,0.57
"1589","2016","Argentina",48,24394,12406,0.828
"1590","2016","Armenia",81,11269,5682,0.751
"1591","2016","Australia",6,52003,35366,0.935
"1592","2016","Austria",20,58366,31404,0.909
"1593","2016","Azerbaijan",87,20555,9780,0.749
"1594","2016","Bahamas",60,33737,22181,0.8
"1595","2016","Bahrain",45,55185,18973,0.839
"1596","2016","Bangladesh",135,5186,2011,0.599
"1597","2016","Barbados",56,18391,13541,0.814
"1598","2016","Belarus",50,19369,13061,0.812
"1599","2016","Belgium",17,51165,33629,0.915
"1600","2016","Belize",103,8768,5782,0.722
"1601","2016","Benin",163,2261,1742,0.512
"1602","2016","Bhutan",134,10147,6023,0.61
"1603","2016","Bolivia (Plurinational State of)",114,8246,4807,0.692
"1604","2016","Bosnia and Herzegovina",75,15998,7784,0.765
"1605","2016","Botswana",94,17255,13588,0.719
"1606","2016","Brazil",79,17747,10186,0.757
"1607","2016","Brunei Darussalam",43,88186,65897,0.844
"1608","2016","Bulgaria",52,21620,14102,0.812
"1609","2016","Burkina Faso",182,1927,1239,0.42
"1610","2016","Burundi",185,579,796,0.427
"1611","2016","Côte d'Ivoire",165,5066,1671,0.508
"1612","2016","Cabo Verde",126,6976,4995,0.645
"1613","2016","Cambodia",146,3687,2830,0.572
"1614","2016","Cameroon",150,3786,2672,0.556
"1615","2016","Canada",13,51248,34274,0.92
"1616","2016","Central African Republic",188,882,584,0.372
"1617","2016","Chad",187,2203,1470,0.398
"1618","2016","Chile",42,28836,14929,0.843
"1619","2016","China",85,17171,11294,0.749
"1620","2016","Colombia",79,15921,10362,0.759
"1621","2016","Comoros",156,3139,1859,0.537
"1622","2016","Congo",138,7735,5798,0.613
"1623","2016","Congo (Democratic Republic of the)",179,910,679,0.453
"1624","2016","Costa Rica",68,18558,10225,0.789
"1625","2016","Croatia",46,24827,17869,0.832
"1626","2016","Cuba",72,10305,4922,0.771
"1627","2016","Cyprus",31,36389,26312,0.869
"1628","2016","Czechia",26,36518,22148,0.885
"1629","2016","Denmark",11,55438,40102,0.928
"1630","2016","Djibouti",171,4050,2741,0.489
"1631","2016","Dominican Republic",89,17453,10144,0.738
"1632","2016","Ecuador",85,13090,7321,0.756
"1633","2016","Egypt",116,16322,4195,0.695
"1634","2016","El Salvador",124,8514,5177,0.662
"1635","2016","Equatorial Guinea",144,26204,15356,0.592
"1636","2016","Eritrea",182,1918,1336,0.434
"1637","2016","Estonia",30,35675,21066,0.875
"1638","2016","Eswatini (Kingdom of)",138,12055,7016,0.596
"1639","2016","Ethiopia",173,2025,1199,0.46
"1640","2016","Fiji",98,11632,5449,0.718
"1641","2016","Finland",12,47300,34119,0.922
"1642","2016","France",26,46549,31763,0.887
"1643","2016","Gabon",115,20918,11584,0.696
"1644","2016","Gambia",174,2086,757,0.456
"1645","2016","Georgia",70,11848,5953,0.776
"1646","2016","Germany",4,54229,37188,0.936
"1647","2016","Ghana",142,4478,3014,0.587
"1648","2016","Greece",32,29334,19223,0.866
"1649","2016","Guatemala",126,9742,4736,0.648
"1650","2016","Guinea",174,2306,1662,0.456
"1651","2016","Guinea-Bissau",178,1871,1283,0.457
"1652","2016","Guyana",123,10118,4462,0.666
"1653","2016","Haiti",169,1951,1388,0.497
"1654","2016","Honduras",132,5052,3015,0.618
"1655","2016","Hungary",43,31311,19436,0.838
"1656","2016","Iceland",6,52618,36950,0.932
"1657","2016","India",129,9533,2331,0.637
"1658","2016","Indonesia",111,13792,6997,0.7
"1659","2016","Iran (Islamic Republic of)",65,31049,6062,0.799
"1660","2016","Iraq",120,28571,3923,0.672
"1661","2016","Ireland",3,61247,40779,0.936
"1662","2016","Israel",22,41225,23760,0.902
"1663","2016","Italy",29,44905,25297,0.878
"1664","2016","Jamaica",96,9319,6144,0.722
"1665","2016","Japan",19,51927,27447,0.91
"1666","2016","Jordan",102,13669,2700,0.722
"1667","2016","Kazakhstan",50,28090,16399,0.808
"1668","2016","Kenya",147,3300,2457,0.568
"1669","2016","Korea (Republic of)",22,48110,22080,0.901
"1670","2016","Kuwait",57,93274,51183,0.809
"1671","2016","Kyrgyzstan",122,4171,2067,0.669
"1672","2016","Lao People's Democratic Republic",140,6902,4584,0.598
"1673","2016","Latvia",39,28332,19677,0.845
"1674","2016","Lebanon",93,18216,4798,0.725
"1675","2016","Lesotho",164,3990,2724,0.507
"1676","2016","Liberia",176,1085,1097,0.463
"1677","2016","Libya",110,13735,3751,0.69
"1678","2016","Lithuania",34,31253,23103,0.86
"1679","2016","Luxembourg",21,75872,49614,0.904
"1680","2016","Madagascar",162,1614,1065,0.515
"1681","2016","Malawi",172,1365,901,0.478
"1682","2016","Malaysia",61,31091,19354,0.801
"1683","2016","Maldives",104,15237,6931,0.713
"1684","2016","Mali",184,2539,1269,0.42
"1685","2016","Malta",28,42261,22942,0.881
"1686","2016","Mauritania",161,5318,1945,0.519
"1687","2016","Mauritius",66,29043,12905,0.79
"1688","2016","Mexico",76,23873,11094,0.764
"1689","2016","Moldova (Republic of)",107,7167,5483,0.705
"1690","2016","Mongolia",92,11446,9228,0.73
"1691","2016","Montenegro",52,18650,13178,0.809
"1692","2016","Morocco",121,11470,2942,0.669
"1693","2016","Mozambique",180,1264,1019,0.435
"1694","2016","Myanmar",145,7172,3278,0.571
"1695","2016","Namibia",130,11067,9330,0.639
"1696","2016","Nepal",147,3171,1912,0.572
"1697","2016","Netherlands",10,56148,37966,0.929
"1698","2016","New Zealand",14,43051,26302,0.917
"1699","2016","Nicaragua",126,5432,4303,0.649
"1700","2016","Niger",189,1669,110,0.365
"1701","2016","Nigeria",158,6140,4511,0.528
"1702","2016","North Macedonia",82,15949,9150,0.757
"1703","2016","Norway",1,74389,58981,0.951
"1704","2016","Oman",47,53027,12414,0.834
"1705","2016","Pakistan",152,8109,1479,0.556
"1706","2016","Panama",67,23400,15001,0.789
"1707","2016","Papua New Guinea",155,4240,3362,0.541
"1708","2016","Paraguay",98,14022,7711,0.718
"1709","2016","Peru",82,15411,8549,0.755
"1710","2016","Philippines",106,10343,7039,0.704
"1711","2016","Poland",32,30541,19868,0.864
"1712","2016","Portugal",40,31179,22411,0.846
"1713","2016","Qatar",41,131347,59420,0.847
"1714","2016","Romania",52,25428,17137,0.808
"1715","2016","Russian Federation",49,29739,19224,0.817
"1716","2016","Rwanda",157,2026,1552,0.525
"1717","2016","Saint Lucia",89,13595,8761,0.744
"1718","2016","Saint Vincent and the Grenadines",94,14083,8491,0.725
"1719","2016","Samoa",111,7571,3892,0.704
"1720","2016","Sao Tome and Principe",137,4041,1882,0.593
"1721","2016","Saudi Arabia",36,75406,18762,0.857
"1722","2016","Senegal",166,4090,2003,0.506
"1723","2016","Serbia",63,16731,11528,0.791
"1724","2016","Sierra Leone",181,1360,1097,0.423
"1725","2016","Singapore",9,86713,70026,0.933
"1726","2016","Slovakia",36,35779,22014,0.851
"1727","2016","Slovenia",24,32182,26081,0.892
"1728","2016","Solomon Islands",153,2425,1532,0.553
"1729","2016","South Africa",113,14810,9082,0.702
"1730","2016","South Sudan",186,1897,1476,0.418
"1731","2016","Spain",25,40279,26729,0.888
"1732","2016","Sri Lanka",71,16230,6386,0.774
"1733","2016","Sudan",168,6236,1757,0.505
"1734","2016","Suriname",98,17014,8519,0.726
"1735","2016","Sweden",8,52583,40739,0.934
"1736","2016","Switzerland",2,68189,48276,0.943
"1737","2016","Syrian Arab Republic",154,4463,614,0.539
"1738","2016","Tajikistan",125,5334,964,0.647
"1739","2016","Tanzania (United Republic of)",159,2998,2298,0.518
"1740","2016","Thailand",77,16705,13308,0.753
"1741","2016","Timor-Leste",131,10600,6049,0.628
"1742","2016","Togo",167,1930,1164,0.506
"1743","2016","Tonga",105,7514,3844,0.715
"1744","2016","Trinidad and Tobago",63,35228,22620,0.796
"1745","2016","Tunisia",91,16451,4717,0.736
"1746","2016","Turkey",59,32355,14728,0.8
"1747","2016","Turkmenistan",108,19668,10937,0.706
"1748","2016","Uganda",159,2230,1252,0.52
"1749","2016","Ukraine",88,9727,5769,0.746
"1750","2016","United Arab Emirates",35,86464,23284,0.863
"1751","2016","United Kingdom",15,49593,27551,0.918
"1752","2016","United States",15,66146,42986,0.919
"1753","2016","Uruguay",57,24020,14698,0.806
"1754","2016","Uzbekistan",108,7639,4308,0.701
"1755","2016","Vanuatu",141,3358,2125,0.592
"1756","2016","Venezuela (Bolivarian Republic of)",96,15850,9339,0.752
"1757","2016","Viet Nam",118,6078,5200,0.685
"1758","2016","Yemen",177,3666,238,0.477
"1759","2016","Zambia",143,4220,3035,0.58
"1760","2016","Zimbabwe",150,2602,1922,0.549
"1761","2017","Afghanistan",170,2386,1112,0.493
"1762","2017","Albania",69,14150,9423,0.789
"1763","2017","Algeria",82,23024,4093,0.758
"1764","2017","Angola",149,6865,5054,0.576
"1765","2017","Argentina",48,24541,12680,0.832
"1766","2017","Armenia",81,12294,6193,0.758
"1767","2017","Australia",6,51990,35586,0.937
"1768","2017","Austria",20,59314,31931,0.912
"1769","2017","Azerbaijan",87,20777,9881,0.752
"1770","2017","Bahamas",60,33805,22649,0.804
"1771","2017","Bahrain",45,54954,19077,0.839
"1772","2017","Bangladesh",135,5334,2210,0.609
"1773","2017","Barbados",56,18445,13780,0.813
"1774","2017","Belarus",50,20019,13515,0.815
"1775","2017","Belgium",17,52394,34453,0.917
"1776","2017","Belize",103,8519,5609,0.719
"1777","2017","Benin",163,2319,1791,0.515
"1778","2017","Bhutan",134,10420,6284,0.615
"1779","2017","Bolivia (Plurinational State of)",114,8511,4751,0.7
"1780","2017","Bosnia and Herzegovina",75,16484,8123,0.767
"1781","2017","Botswana",94,17499,13826,0.724
"1782","2017","Brazil",79,17704,10366,0.76
"1783","2017","Brunei Darussalam",43,87388,66138,0.843
"1784","2017","Bulgaria",52,22954,15016,0.813
"1785","2017","Burkina Faso",182,1996,1287,0.429
"1786","2017","Burundi",185,563,774,0.421
"1787","2017","Côte d'Ivoire",165,5115,1701,0.512
"1788","2017","Cabo Verde",126,7170,5151,0.647
"1789","2017","Cambodia",146,3882,2976,0.578
"1790","2017","Cameroon",150,3807,2693,0.56
"1791","2017","Canada",13,52118,35012,0.921
"1792","2017","Central African Republic",188,909,605,0.376
"1793","2017","Chad",187,2081,1392,0.401
"1794","2017","Chile",42,28229,14801,0.845
"1795","2017","China",85,18273,11983,0.753
"1796","2017","Colombia",79,15760,10270,0.76
"1797","2017","Comoros",156,3142,1877,0.539
"1798","2017","Congo",138,6929,5210,0.609
"1799","2017","Congo (Democratic Republic of the)",179,901,673,0.456
"1800","2017","Costa Rica",68,18842,10396,0.792
"1801","2017","Croatia",46,26278,18853,0.835
"1802","2017","Cuba",72,10499,4989,0.777
"1803","2017","Cyprus",31,37475,26951,0.871
"1804","2017","Czechia",26,38050,23255,0.888
"1805","2017","Denmark",11,56153,40607,0.929
"1806","2017","Djibouti",171,4068,2803,0.492
"1807","2017","Dominican Republic",89,17888,10504,0.741
"1808","2017","Ecuador",85,13067,7370,0.757
"1809","2017","Egypt",116,16571,4243,0.696
"1810","2017","El Salvador",124,8772,5117,0.665
"1811","2017","Equatorial Guinea",144,23826,14097,0.59
"1812","2017","Eritrea",182,1967,1373,0.431
"1813","2017","Estonia",30,37407,22147,0.879
"1814","2017","Eswatini (Kingdom of)",138,11895,7027,0.603
"1815","2017","Ethiopia",173,2148,1281,0.467
"1816","2017","Fiji",98,11910,5594,0.721
"1817","2017","Finland",12,47963,34519,0.924
"1818","2017","France",26,47845,32506,0.89
"1819","2017","Gabon",115,20765,11485,0.7
"1820","2017","Gambia",174,2115,771,0.459
"1821","2017","Georgia",70,12353,6217,0.783
"1822","2017","Germany",4,55143,37979,0.938
"1823","2017","Ghana",142,4696,3169,0.591
"1824","2017","Greece",32,29977,19508,0.871
"1825","2017","Guatemala",126,9838,4806,0.649
"1826","2017","Guinea",174,2564,1864,0.463
"1827","2017","Guinea-Bissau",178,1882,1293,0.46
"1828","2017","Guyana",123,10286,4583,0.668
"1829","2017","Haiti",169,1949,1386,0.501
"1830","2017","Honduras",132,5172,3127,0.621
"1831","2017","Hungary",43,32248,19905,0.841
"1832","2017","Iceland",6,54760,38820,0.935
"1833","2017","India",129,10097,2493,0.643
"1834","2017","Indonesia",111,14219,7353,0.704
"1835","2017","Iran (Islamic Republic of)",65,31783,6165,0.799
"1836","2017","Iraq",120,27273,3754,0.684
"1837","2017","Ireland",3,63257,42534,0.939
"1838","2017","Israel",22,41806,24032,0.904
"1839","2017","Italy",29,45692,26009,0.881
"1840","2017","Jamaica",96,9487,6274,0.725
"1841","2017","Japan",19,52861,28389,0.913
"1842","2017","Jordan",102,13661,2713,0.722
"1843","2017","Kazakhstan",50,28026,16382,0.813
"1844","2017","Kenya",147,3358,2520,0.574
"1845","2017","Korea (Republic of)",22,49115,22725,0.904
"1846","2017","Kuwait",57,89521,50194,0.809
"1847","2017","Kyrgyzstan",122,4300,2121,0.671
"1848","2017","Lao People's Democratic Republic",140,7190,4769,0.602
"1849","2017","Latvia",39,29822,20632,0.849
"1850","2017","Lebanon",93,18330,4861,0.732
"1851","2017","Lesotho",164,3841,2633,0.514
"1852","2017","Liberia",176,1075,1095,0.466
"1853","2017","Libya",110,17277,4580,0.704
"1854","2017","Lithuania",34,32976,24432,0.866
"1855","2017","Luxembourg",21,77721,52288,0.908
"1856","2017","Madagascar",162,1655,1094,0.518
"1857","2017","Malawi",172,1386,918,0.482
"1858","2017","Malaysia",61,32499,20259,0.802
"1859","2017","Maldives",104,15378,7137,0.716
"1860","2017","Mali",184,2616,1311,0.426
"1861","2017","Malta",28,42819,24060,0.883
"1862","2017","Mauritania",161,5371,1982,0.524
"1863","2017","Mauritius",66,30367,13743,0.793
"1864","2017","Mexico",76,24183,11166,0.765
"1865","2017","Moldova (Republic of)",107,7575,5705,0.709
"1866","2017","Mongolia",92,10947,8863,0.729
"1867","2017","Montenegro",52,19918,13859,0.813
"1868","2017","Morocco",121,11794,2963,0.675
"1869","2017","Mozambique",180,1265,1020,0.442
"1870","2017","Myanmar",145,7625,3414,0.577
"1871","2017","Namibia",130,10626,8983,0.643
"1872","2017","Nepal",147,3370,2030,0.574
"1873","2017","Netherlands",10,58392,39688,0.932
"1874","2017","New Zealand",14,43218,26398,0.92
"1875","2017","Nicaragua",126,5590,4476,0.653
"1876","2017","Niger",189,1684,111,0.373
"1877","2017","Nigeria",158,5981,4404,0.533
"1878","2017","North Macedonia",82,15920,9216,0.758
"1879","2017","Norway",1,75111,59813,0.953
"1880","2017","Oman",47,50668,11733,0.833
"1881","2017","Pakistan",152,8353,1513,0.558
"1882","2017","Panama",67,24313,15800,0.793
"1883","2017","Papua New Guinea",155,4188,3323,0.543
"1884","2017","Paraguay",98,14659,8088,0.722
"1885","2017","Peru",82,15435,8587,0.756
"1886","2017","Philippines",106,11042,7203,0.709
"1887","2017","Poland",32,31975,20731,0.868
"1888","2017","Portugal",40,32130,23163,0.848
"1889","2017","Qatar",41,130648,58668,0.848
"1890","2017","Romania",52,27227,18656,0.813
"1891","2017","Russian Federation",49,30207,19521,0.822
"1892","2017","Rwanda",157,2095,1611,0.529
"1893","2017","Saint Lucia",89,14025,9244,0.744
"1894","2017","Saint Vincent and the Grenadines",94,14091,8480,0.726
"1895","2017","Samoa",111,7675,3948,0.706
"1896","2017","Sao Tome and Principe",137,4074,1929,0.603
"1897","2017","Saudi Arabia",36,72578,18196,0.856
"1898","2017","Senegal",166,4243,2091,0.51
"1899","2017","Serbia",63,16890,11772,0.794
"1900","2017","Sierra Leone",181,1501,1220,0.435
"1901","2017","Singapore",9,89648,72553,0.934
"1902","2017","Slovakia",36,36683,22784,0.854
"1903","2017","Slovenia",24,34032,27557,0.899
"1904","2017","Solomon Islands",153,2399,1525,0.555
"1905","2017","South Africa",113,14679,9123,0.704
"1906","2017","South Sudan",186,1705,1331,0.414
"1907","2017","Spain",25,41334,27374,0.891
"1908","2017","Sri Lanka",71,16518,6619,0.776
"1909","2017","Sudan",168,6369,1820,0.507
"1910","2017","Suriname",98,15417,7752,0.722
"1911","2017","Sweden",8,53393,41396,0.935
"1912","2017","Switzerland",2,67299,47481,0.943
"1913","2017","Syrian Arab Republic",154,4603,642,0.544
"1914","2017","Tajikistan",125,5502,984,0.651
"1915","2017","Tanzania (United Republic of)",159,3104,2383,0.522
"1916","2017","Thailand",77,17367,13817,0.762
"1917","2017","Timor-Leste",131,9451,5372,0.624
"1918","2017","Togo",167,1947,1178,0.51
"1919","2017","Tonga",105,7721,3952,0.717
"1920","2017","Trinidad and Tobago",63,35305,22415,0.799
"1921","2017","Tunisia",91,16532,4702,0.738
"1922","2017","Turkey",59,33866,15796,0.805
"1923","2017","Turkmenistan",108,20294,11263,0.708
"1924","2017","Uganda",159,2216,1253,0.522
"1925","2017","Ukraine",88,9814,5822,0.747
"1926","2017","United Arab Emirates",35,86060,23975,0.864
"1927","2017","United Kingdom",15,50430,28294,0.919
"1928","2017","United States",15,67078,43866,0.919
"1929","2017","Uruguay",57,24271,14858,0.807
"1930","2017","Uzbekistan",108,7926,4464,0.707
"1931","2017","Vanuatu",141,3389,2192,0.595
"1932","2017","Venezuela (Bolivarian Republic of)",96,13571,7827,0.735
"1933","2017","Viet Nam",118,6379,5455,0.69
"1934","2017","Yemen",177,2814,182,0.463
"1935","2017","Zambia",143,4133,2985,0.589
"1936","2017","Zimbabwe",150,2684,1986,0.553
"1937","2018","Afghanistan",170,2355,1102,0.496
"1938","2018","Albania",69,14727,9780,0.791
"1939","2018","Algeria",82,22980,4104,0.759
"1940","2018","Angola",149,6407,4720,0.574
"1941","2018","Argentina",48,23418,12085,0.83
"1942","2018","Armenia",81,12582,6341,0.76
"1943","2018","Australia",6,52363,35897,0.938
"1944","2018","Austria",20,60303,32617,0.914
"1945","2018","Azerbaijan",87,20655,9850,0.754
"1946","2018","Bahamas",60,34290,22827,0.805
"1947","2018","Bahrain",45,52952,18418,0.838
"1948","2018","Bangladesh",135,5700,2373,0.614
"1949","2018","Barbados",56,18292,13686,0.813
"1950","2018","Belarus",50,20616,13923,0.817
"1951","2018","Belgium",17,52926,34929,0.919
"1952","2018","Belize",103,8618,5665,0.72
"1953","2018","Benin",163,2407,1863,0.52
"1954","2018","Bhutan",134,10579,6388,0.617
"1955","2018","Bolivia (Plurinational State of)",114,8780,4901,0.703
"1956","2018","Bosnia and Herzegovina",75,17122,8433,0.769
"1957","2018","Botswana",94,17853,14177,0.728
"1958","2018","Brazil",79,17827,10432,0.761
"1959","2018","Brunei Darussalam",43,86072,65913,0.845
"1960","2018","Bulgaria",52,23904,15622,0.816
"1961","2018","Burkina Faso",182,2077,1336,0.434
"1962","2018","Burundi",185,555,763,0.423
"1963","2018","Côte d'Ivoire",165,5355,1790,0.516
"1964","2018","Cabo Verde",126,7497,5523,0.651
"1965","2018","Cambodia",146,4089,3128,0.581
"1966","2018","Cameroon",150,3858,2724,0.563
"1967","2018","Canada",13,52218,35120,0.922
"1968","2018","Central African Republic",188,935,622,0.381
"1969","2018","Chad",187,2056,1377,0.401
"1970","2018","Chile",42,28932,15212,0.847
"1971","2018","China",85,19410,12665,0.758
"1972","2018","Colombia",79,15657,10235,0.761
"1973","2018","Comoros",156,3030,1812,0.538
"1974","2018","Congo",138,6621,4989,0.609
"1975","2018","Congo (Democratic Republic of the)",179,917,684,0.459
"1976","2018","Costa Rica",68,19016,10565,0.794
"1977","2018","Croatia",46,26959,19442,0.837
"1978","2018","Cuba",72,10625,5035,0.778
"1979","2018","Cyprus",31,38403,27792,0.873
"1980","2018","Czechia",26,39326,24114,0.891
"1981","2018","Denmark",11,56731,41027,0.93
"1982","2018","Djibouti",171,4232,2900,0.495
"1983","2018","Dominican Republic",89,18975,11175,0.745
"1984","2018","Ecuador",85,12960,7319,0.758
"1985","2018","Egypt",116,16989,4365,0.7
"1986","2018","El Salvador",124,8943,5234,0.667
"1987","2018","Equatorial Guinea",144,21808,12783,0.588
"1988","2018","Eritrea",182,2011,1404,0.434
"1989","2018","Estonia",30,38653,22999,0.882
"1990","2018","Eswatini (Kingdom of)",138,11798,7029,0.608
"1991","2018","Ethiopia",173,2231,1332,0.47
"1992","2018","Fiji",98,12293,5838,0.724
"1993","2018","Finland",12,48689,35066,0.925
"1994","2018","France",26,48507,33005,0.891
"1995","2018","Gabon",115,20182,11240,0.702
"1996","2018","Gambia",174,2190,800,0.466
"1997","2018","Georgia",70,12929,6504,0.786
"1998","2018","Germany",4,55652,38467,0.939
"1999","2018","Ghana",142,4889,3287,0.596
"2000","2018","Greece",32,30262,19749,0.872
"2001","2018","Guatemala",126,9970,4864,0.651
"2002","2018","Guinea",174,2569,1878,0.466
"2003","2018","Guinea-Bissau",178,1895,1305,0.461
"2004","2018","Guyana",123,10532,4676,0.67
"2005","2018","Haiti",169,1949,1388,0.503
"2006","2018","Honduras",132,5304,3214,0.623
"2007","2018","Hungary",43,33905,21011,0.845
"2008","2018","Iceland",6,55827,39244,0.938
"2009","2018","India",129,10713,2625,0.647
"2010","2018","Indonesia",111,14788,7673,0.707
"2011","2018","Iran (Islamic Republic of)",65,30250,5809,0.797
"2012","2018","Iraq",120,26746,3712,0.689
"2013","2018","Ireland",3,66587,44917,0.942
"2014","2018","Israel",22,42791,24617,0.906
"2015","2018","Italy",29,46357,26473,0.883
"2016","2018","Jamaica",96,9559,6326,0.726
"2017","2018","Japan",19,53387,28781,0.915
"2018","2018","Jordan",102,13668,2734,0.723
"2019","2018","Kazakhstan",50,28198,16491,0.817
"2020","2018","Kenya",147,3490,2619,0.579
"2021","2018","Korea (Republic of)",22,50242,23227,0.906
"2022","2018","Kuwait",57,85615,49075,0.808
"2023","2018","Kyrgyzstan",122,4465,2192,0.674
"2024","2018","Lao People's Democratic Republic",140,7595,5027,0.604
"2025","2018","Latvia",39,31520,21857,0.854
"2026","2018","Lebanon",93,17529,4668,0.73
"2027","2018","Lesotho",164,3864,2641,0.518
"2028","2018","Liberia",176,1030,1051,0.465
"2029","2018","Libya",110,18364,4866,0.708
"2030","2018","Lithuania",34,34558,25667,0.869
"2031","2018","Luxembourg",21,77847,53010,0.909
"2032","2018","Madagascar",162,1690,1119,0.521
"2033","2018","Malawi",172,1400,925,0.485
"2034","2018","Malaysia",61,33279,20821,0.804
"2035","2018","Maldives",104,15577,7453,0.719
"2036","2018","Mali",184,2618,1311,0.427
"2037","2018","Malta",28,44515,25026,0.885
"2038","2018","Mauritania",161,5462,2018,0.527
"2039","2018","Mauritius",66,31386,14261,0.796
"2040","2018","Mexico",76,24287,11253,0.767
"2041","2018","Moldova (Republic of)",107,7861,5885,0.711
"2042","2018","Mongolia",92,11931,9666,0.735
"2043","2018","Montenegro",52,20633,14457,0.816
"2044","2018","Morocco",121,12020,3012,0.676
"2045","2018","Mozambique",180,1284,1031,0.446
"2046","2018","Myanmar",145,8076,3613,0.584
"2047","2018","Namibia",130,10497,8917,0.645
"2048","2018","Nepal",147,3510,2113,0.579
"2049","2018","Netherlands",10,59537,40572,0.934
"2050","2018","New Zealand",14,43743,26757,0.921
"2051","2018","Nicaragua",126,5318,4277,0.651
"2052","2018","Niger",189,1705,112,0.377
"2053","2018","Nigeria",158,5838,4313,0.534
"2054","2018","North Macedonia",82,16279,9464,0.759
"2055","2018","Norway",1,75688,60283,0.954
"2056","2018","Oman",47,50238,11435,0.834
"2057","2018","Pakistan",152,8604,1570,0.56
"2058","2018","Panama",67,24787,16107,0.795
"2059","2018","Papua New Guinea",155,4106,3248,0.543
"2060","2018","Paraguay",98,15001,8326,0.724
"2061","2018","Peru",82,15853,8840,0.759
"2062","2018","Philippines",106,11518,7541,0.712
"2063","2018","Poland",32,33738,21877,0.872
"2064","2018","Portugal",40,32737,23628,0.85
"2065","2018","Qatar",41,127778,57196,0.848
"2066","2018","Romania",52,28567,19488,0.816
"2067","2018","Russian Federation",49,30905,19968,0.824
"2068","2018","Rwanda",157,2218,1708,0.536
"2069","2018","Saint Lucia",89,14045,9086,0.745
"2070","2018","Saint Vincent and the Grenadines",94,14780,8615,0.728
"2071","2018","Samoa",111,7685,3955,0.707
"2072","2018","Sao Tome and Principe",137,4162,1885,0.609
"2073","2018","Saudi Arabia",36,72325,18169,0.857
"2074","2018","Senegal",166,4396,2172,0.514
"2075","2018","Serbia",63,17994,12551,0.799
"2076","2018","Sierra Leone",181,1525,1238,0.438
"2077","2018","Singapore",9,92168,74594,0.935
"2078","2018","Slovakia",36,38044,23684,0.857
"2079","2018","Slovenia",24,35486,28833,0.902
"2080","2018","Solomon Islands",153,2469,1569,0.557
"2081","2018","South Africa",113,14554,9036,0.705
"2082","2018","South Sudan",186,1633,1277,0.413
"2083","2018","Spain",25,42252,28085,0.893
"2084","2018","Sri Lanka",71,16852,6766,0.78
"2085","2018","Sudan",168,6168,1759,0.508
"2086","2018","Suriname",98,15869,7953,0.724
"2087","2018","Sweden",8,53975,41923,0.937
"2088","2018","Switzerland",2,69645,49279,0.946
"2089","2018","Syrian Arab Republic",154,4779,657,0.549
"2090","2018","Tajikistan",125,5881,1044,0.656
"2091","2018","Tanzania (United Republic of)",159,3175,2436,0.528
"2092","2018","Thailand",77,18032,14320,0.765
"2093","2018","Timor-Leste",131,9619,5389,0.626
"2094","2018","Togo",167,1989,1200,0.513
"2095","2018","Tonga",105,7748,3816,0.717
"2096","2018","Trinidad and Tobago",63,34878,22266,0.799
"2097","2018","Tunisia",91,16722,4737,0.739
"2098","2018","Turkey",59,34138,15920,0.807
"2099","2018","Turkmenistan",108,21214,11745,0.71
"2100","2018","Uganda",159,2247,1273,0.528
"2101","2018","Ukraine",88,10232,6063,0.75
"2102","2018","United Arab Emirates",35,85771,24212,0.866
"2103","2018","United Kingdom",15,50772,28525,0.92
"2104","2018","United States",15,68064,44462,0.92
"2105","2018","Uruguay",57,24291,14902,0.808
"2106","2018","Uzbekistan",108,8277,4657,0.71
"2107","2018","Vanuatu",141,3413,2185,0.597
"2108","2018","Venezuela (Bolivarian Republic of)",96,11547,6655,0.726
"2109","2018","Viet Nam",118,6703,5739,0.693
"2110","2018","Yemen",177,2679,168,0.463
"2111","2018","Zambia",143,4164,3011,0.591
"2112","2018","Zimbabwe",150,3080,2280,0.563
